Steps,Policy/Entropy,Environment/Lesson,Environment/Episode Length,Policy/Extrinsic Value Estimate,Policy/Curiosity Value Estimate,Environment/Cumulative Reward,Policy/Extrinsic Reward,Policy/Curiosity Reward,Is Training
1000,1.4189385,0.0,41.791666666666664,0.2658291,-0.021282982,-0.6799002325405246,-0.6799002325405246,0.0,1.0
2000,1.4189385,0.0,36.2,0.25133595,-0.021452604,-0.9246430213634784,-0.9246430213634784,0.0,1.0
3000,1.4189384,0.0,41.541666666666664,0.25809774,-0.014177966,-0.8605077564716339,-0.8605077564716339,0.0,1.0
4000,1.4189385,0.0,37.34615384615385,0.28015298,-0.019622002,-0.9390086852587186,-0.9390086852587186,0.0,1.0
5000,1.4189384,0.0,43.95652173913044,0.2696552,-0.027521553,-0.916866632907287,-0.916866632907287,0.0,1.0
6000,1.4189384,0.0,38.791666666666664,0.26675367,-0.017153135,-0.924023300409317,-0.924023300409317,0.0,1.0
7000,1.4189385,0.0,40.16,0.24692528,-0.015220885,-0.7503904973467191,-0.7503904973467191,0.0,1.0
8000,1.4189383,0.0,43.81818181818182,0.24987847,-0.010123653,-0.8836683553198109,-0.8836683553198109,0.0,1.0
9000,1.4189384,0.0,38.68,0.25228593,-0.015325677,-0.891123685836792,-0.891123685836792,0.0,1.0
10000,1.4189384,0.0,40.25,0.2412195,-0.017871955,-1.0237144082784653,-1.0237144082784653,0.0,1.0
11000,1.4189383,0.0,35.81481481481482,0.24064523,-0.008877571,-0.9031653746410653,-0.9031653746410653,0.0,1.0
12000,1.4189383,0.0,38.96,0.2683474,-0.014223226,-0.8511748921871185,-0.8511748921871185,0.0,1.0
13000,1.4189385,0.0,41.333333333333336,0.2756963,-0.017058333,-0.9772355159123739,-0.9772355159123739,0.0,1.0
14000,1.4189383,0.0,42.17391304347826,0.26722065,-0.012225214,-0.9922875010448954,-0.9922875010448954,0.0,1.0
15000,1.4189384,0.0,39.2,0.25777066,-0.012689905,-0.9260687494277954,-0.9260687494277954,0.0,1.0
16000,1.4189385,0.0,37.88461538461539,0.26668426,-0.019053187,-0.9034681641138517,-0.9034681641138517,0.0,1.0
17000,1.4189383,0.0,36.96153846153846,0.26917708,-0.025924383,-0.8782481528245486,-0.8782481528245486,0.0,1.0
18000,1.4189384,0.0,40.12,0.2779332,-0.0255233,-0.9124438390135765,-0.9124438390135765,0.0,1.0
19000,1.4189384,0.0,39.708333333333336,0.2478408,-0.014041572,-0.9137802147865295,-0.9137802147865295,0.0,1.0
20000,1.4189386,0.0,42.21739130434783,0.26134533,-0.015265721,-0.8788596534210703,-0.8788596534210703,0.0,1.0
21000,1.4195502,0.0,40.17142857142857,0.15037999,-0.0150408745,-0.823452133199443,-0.823452133199443,0.019550381309312324,1.0
22000,1.4240743,0.0,35.92857142857143,0.021887662,-0.024963439,-0.9761397088015521,-0.9761397088015521,0.042314396308804,1.0
23000,1.4240743,0.0,35.5,0.019082114,-0.03078665,-0.831613767359938,-0.831613767359938,0.038590866207544296,1.0
24000,1.4240744,0.0,38.48,0.016908862,-0.026840476,-0.8978516864776611,-0.8978516864776611,0.04227824404835701,1.0
25000,1.4240743,0.0,42.95652173913044,0.035558227,-0.029205548,-0.8787587829258131,-0.8787587829258131,0.046374169583229916,1.0
26000,1.4240744,0.0,41.166666666666664,0.008246258,-0.031578794,-0.8825332721074423,-0.8825332721074423,0.04415858847399553,1.0
27000,1.4240744,0.0,41.43478260869565,0.0077577024,-0.025341261,-0.844934446008309,-0.844934446008309,0.04822519032851509,1.0
28000,1.4240744,0.0,37.074074074074076,0.022084825,-0.024144577,-0.8637527731748728,-0.8637527731748728,0.04272356593551544,1.0
29000,1.4240743,0.0,42.68181818181818,0.016846133,-0.029786825,-0.8780874843182771,-0.8780874843182771,0.04528890582530395,1.0
30000,1.4240743,0.0,41.46153846153846,0.029268319,-0.030084804,-0.8116036832332612,-0.8116036832332612,0.04549321036785841,1.0
31000,1.4240744,0.0,34.52,0.026856758,-0.02388879,-0.9207409826608804,-0.9207409826608804,0.04277543490752578,1.0
32000,1.4240744,0.0,37.96296296296296,0.036937132,-0.029009234,-0.932983641271238,-0.932983641271238,0.046010689051062974,1.0
33000,1.4240744,0.0,37.08,0.023213381,-0.029208774,-0.856125271320343,-0.856125271320343,0.04259978797286749,1.0
34000,1.4240743,0.0,40.24,0.012696185,-0.025337515,-0.9128186297416687,-0.9128186297416687,0.04869033727794886,1.0
35000,1.4240744,0.0,39.166666666666664,0.017438106,-0.026083777,-0.7510765898041427,-0.7510765898041427,0.045284646757257484,1.0
36000,1.4240743,0.0,44.91304347826087,0.016819935,-0.02366597,-0.9187037141426749,-0.9187037141426749,0.049939035640462585,1.0
37000,1.4240744,0.0,36.92,0.022208963,-0.027258195,-0.9359908962249756,-0.9359908962249756,0.03710733808577061,1.0
38000,1.4240743,0.0,45.68181818181818,0.023691105,-0.025959099,-0.6112120375037193,-0.6112120375037193,0.04815980161286213,1.0
39000,1.4240744,0.0,49.89473684210526,0.027864048,-0.026484674,-0.9175732825931749,-0.9175732825931749,0.05399378668516874,1.0
40000,1.4240744,0.0,47.57142857142857,0.011903732,-0.022470556,-0.8504824893815177,-0.8504824893815177,0.05404368300168287,1.0
41000,1.4240743,0.0,41.75,0.024811737,-0.024465293,-0.907604401310285,-0.907604401310285,0.0457089690801998,1.0
42000,1.4254199,0.0,37.72,-0.21775955,-0.028951282,-0.9058580899238586,-0.9058580899238586,0.030223949626088143,1.0
43000,1.4285668,0.0,42.391304347826086,-0.23386517,-0.02556659,-0.8522196606449459,-0.8522196606449459,0.02988255453174529,1.0
44000,1.4285667,0.0,42.65217391304348,-0.23704349,-0.027354531,-0.820664872293887,-0.820664872293887,0.031592159734471985,1.0
45000,1.4285667,0.0,42.56521739130435,-0.22467592,-0.028127016,-0.8469257536141769,-0.8469257536141769,0.02810090581845978,1.0
46000,1.4285668,0.0,45.0,-0.22807303,-0.025773536,-0.8368053869767622,-0.8368053869767622,0.02743218889967962,1.0
47000,1.4285667,0.0,46.19047619047619,-0.21742018,-0.023472736,-0.7245046978905088,-0.7245046978905088,0.029044002571719744,1.0
48000,1.4285667,0.0,39.958333333333336,-0.22241442,-0.023757398,-0.8307338232795397,-0.8307338232795397,0.026343972655013204,1.0
49000,1.4285669,0.0,44.0,-0.22309859,-0.02499871,-0.7919008239455845,-0.7919008239455845,0.02920953514378356,1.0
50000,1.4285666,0.0,43.13636363636363,-0.22244638,-0.027982466,-0.8664248070933602,-0.8664248070933602,0.03042375484735451,1.0
51000,1.4285667,0.0,42.608695652173914,-0.22872788,-0.02782085,-0.7442851662635803,-0.7442851662635803,0.02901850709610659,1.0
52000,1.4285667,0.0,44.09090909090909,-0.22330116,-0.025093513,-0.9181302514943209,-0.9181302514943209,0.029428371185944838,1.0
53000,1.4285669,0.0,39.04,-0.22414671,-0.024479833,-0.8060986042022705,-0.8060986042022705,0.03040393952280283,1.0
54000,1.4285667,0.0,48.666666666666664,-0.21676645,-0.026001919,-0.8535821721667335,-0.8535821721667335,0.03395396524241993,1.0
55000,1.4285667,0.0,43.130434782608695,-0.22581509,-0.025021857,-0.8006926723148512,-0.8006926723148512,0.028664661166460617,1.0
56000,1.4285666,0.0,38.583333333333336,-0.24019633,-0.023925325,-0.8136349283158779,-0.8136349283158779,0.026804513142754633,1.0
57000,1.4285667,0.0,42.82608695652174,-0.22301732,-0.022933722,-0.8978492358456487,-0.8978492358456487,0.02671475578909335,1.0
58000,1.4285667,0.0,43.65217391304348,-0.23039806,-0.028420702,-0.7210689177331717,-0.7210689177331717,0.03174249560612699,1.0
59000,1.4285666,0.0,39.541666666666664,-0.23026352,-0.02671619,-0.7476304980615774,-0.7476304980615774,0.027889643892801057,1.0
60000,1.4285667,0.0,52.36842105263158,-0.225153,-0.02462736,-0.7545774767273351,-0.7545774767273351,0.02987732890209085,1.0
61000,1.4285666,0.0,41.08695652173913,-0.22106409,-0.024143437,-0.8134005238180575,-0.8134005238180575,0.025261299542920744,1.0
62000,1.4288908,0.0,39.90625,-0.32953534,-0.02262699,-0.8975182895859083,-0.8975182895859083,0.02468778460752219,1.0
63000,1.4322739,0.0,39.23529411764706,-0.4224953,-0.021706931,-0.937465558052063,-0.937465558052063,0.01968002114444971,1.0
64000,1.4322739,0.0,38.84615384615385,-0.40914103,-0.019996902,-0.6572302064070334,-0.6572302064070334,0.021143707016912792,1.0
65000,1.4322739,0.0,49.25,-0.4093538,-0.020583132,-0.7951732695102691,-0.7951732695102691,0.023101384425535797,1.0
66000,1.4322739,0.0,41.52173913043478,-0.41472077,-0.01783398,-0.8960851638213448,-0.8960851638213448,0.020177504371689713,1.0
67000,1.4322739,0.0,37.15384615384615,-0.4258359,-0.02109353,-0.801638913842348,-0.801638913842348,0.01825994349872837,1.0
68000,1.4322739,0.0,40.64,-0.42239285,-0.020593736,-0.8578847575187684,-0.8578847575187684,0.02121277606114745,1.0
69000,1.4322739,0.0,44.61904761904762,-0.4184436,-0.019785693,-0.7542462746302286,-0.7542462746302286,0.023258313359249206,1.0
70000,1.4322739,0.0,39.84,-0.4145934,-0.018733978,-0.7790959501266479,-0.7790959501266479,0.017515647672116757,1.0
71000,1.4322739,0.0,44.5,-0.41814092,-0.020136746,-0.7684569264000113,-0.7684569264000113,0.019192079759456894,1.0
72000,1.4322739,0.0,43.45454545454545,-0.42097414,-0.019346466,-0.8409805501049216,-0.8409805501049216,0.022875291295349598,1.0
73000,1.4322739,0.0,46.95238095238095,-0.41607147,-0.019700017,-0.7845517084712074,-0.7845517084712074,0.021135926778827394,1.0
74000,1.4322739,0.0,44.78260869565217,-0.42592093,-0.019263702,-0.7898181297562339,-0.7898181297562339,0.023219763216647236,1.0
75000,1.4322739,0.0,46.4,-0.41070455,-0.016747542,-0.849215186777569,-0.849215186777569,0.0221610153537421,1.0
76000,1.4322739,0.0,47.0,-0.4162835,-0.02059418,-0.8665272132916884,-0.8665272132916884,0.021480605683543465,1.0
77000,1.4322739,0.0,46.5,-0.41872996,-0.018418867,-0.8187119670212268,-0.8187119670212268,0.022114225896075368,1.0
78000,1.4322739,0.0,43.54545454545455,-0.42045414,-0.021687252,-0.9479242021387274,-0.9479242021387274,0.020915433722124857,1.0
79000,1.4322739,0.0,45.09090909090909,-0.40856007,-0.020235224,-0.7680151061239567,-0.7680151061239567,0.021004348104311663,1.0
80000,1.4322739,0.0,42.08695652173913,-0.4246356,-0.016990725,-0.7738335417664569,-0.7738335417664569,0.020325861952227096,1.0
81000,1.4322739,0.0,37.15384615384615,-0.42463878,-0.02244289,-0.8874322519852564,-0.8874322519852564,0.0196878882841422,1.0
82000,1.4322739,0.0,41.708333333333336,-0.4225258,-0.019984817,-0.7564393791059653,-0.7564393791059653,0.022805863797354203,1.0
83000,1.4333873,0.0,44.166666666666664,-0.5253573,-0.018787827,-0.9252647246633258,-0.9252647246633258,0.016973194222719895,1.0
84000,1.4368285,0.0,45.55,-0.5409767,-0.016626578,-0.7674851508244224,-0.7674851508244224,0.017068768446536167,1.0
85000,1.4368285,0.0,44.72727272727273,-0.5378506,-0.017569648,-0.8502411571415988,-0.8502411571415988,0.017990879142995585,1.0
86000,1.4368285,0.0,46.8,-0.527265,-0.015086733,-0.8265339344739914,-0.8265339344739914,0.018539430014789103,1.0
87000,1.4368285,0.0,50.3,-0.53230083,-0.016585868,-0.6726919401437044,-0.6726919401437044,0.016736454609781504,1.0
88000,1.4368285,0.0,50.63157894736842,-0.5309731,-0.020495674,-0.6066715121269226,-0.6066715121269226,0.019309310830737416,1.0
89000,1.4368285,0.0,41.708333333333336,-0.5429279,-0.0192234,-0.8505138357480367,-0.8505138357480367,0.01705777757645895,1.0
90000,1.4368285,0.0,42.86363636363637,-0.533967,-0.021244578,-0.9164981327273629,-0.9164981327273629,0.01822180468165739,1.0
91000,1.4368285,0.0,36.77777777777778,-0.543848,-0.018255092,-0.7043964851785589,-0.7043964851785589,0.014685818632305772,1.0
92000,1.4368285,0.0,40.28,-0.54415834,-0.016148355,-0.8254239392280579,-0.8254239392280579,0.01689175533130765,1.0
93000,1.4368285,0.0,47.19047619047619,-0.54280365,-0.016802885,-0.7941326300303141,-0.7941326300303141,0.021215617346266907,1.0
94000,1.4368285,0.0,46.4,-0.52828467,-0.01743589,-0.5994019329547882,-0.5994019329547882,0.019541475689038634,1.0
95000,1.4368285,0.0,41.541666666666664,-0.5299471,-0.015846908,-0.7504971547362705,-0.7504971547362705,0.01562524714972824,1.0
96000,1.4368285,0.0,47.80952380952381,-0.5298735,-0.01585752,-0.841780906631833,-0.841780906631833,0.018085301388055086,1.0
97000,1.4368285,0.0,49.10526315789474,-0.53109443,-0.016502911,-0.621176751036393,-0.621176751036393,0.018423730654543953,1.0
98000,1.4368285,0.0,46.81818181818182,-0.5335883,-0.013898478,-0.8051538799296726,-0.8051538799296726,0.017303435851565817,1.0
99000,1.4368285,0.0,42.59090909090909,-0.5360482,-0.019252311,-0.7089290177364919,-0.7089290177364919,0.016772368700582196,1.0
100000,1.4368285,0.0,43.04347826086956,-0.5383073,-0.018696163,-0.7543066079201906,-0.7543066079201906,0.017361267975976934,1.0
101000,1.4368285,0.0,43.68181818181818,-0.5410665,-0.020320578,-0.7392175211147829,-0.7392175211147829,0.020157277584075928,1.0
102000,1.4368285,0.0,45.857142857142854,-0.54992414,-0.019195281,-0.8658860109069131,-0.8658860109069131,0.020595247179947117,1.0
103000,1.4375614,0.0,39.5945945945946,-0.55883384,-0.01784179,-0.7425450187921524,-0.7425450187921524,0.015607062485069037,1.0
104000,1.4416159,0.0,44.7,-0.5767331,-0.01763304,-0.7249176204204559,-0.7249176204204559,0.017065671738237143,1.0
105000,1.4416158,0.0,42.0,-0.59107935,-0.01639664,-0.6974051523467769,-0.6974051523467769,0.016264693993751123,1.0
106000,1.4416159,0.0,45.76190476190476,-0.58022135,-0.014884055,-0.6967999140421549,-0.6967999140421549,0.0162143745193524,1.0
107000,1.4416158,0.0,45.904761904761905,-0.55807877,-0.0155368075,-0.6082081709589277,-0.6082081709589277,0.015029545341219221,1.0
108000,1.4416159,0.0,48.095238095238095,-0.59345585,-0.017153187,-0.6461942160413379,-0.6461942160413379,0.017118206735522973,1.0
109000,1.4416158,0.0,43.130434782608695,-0.5713492,-0.014403363,-0.6254318097363347,-0.6254318097363347,0.015390252633749144,1.0
110000,1.4416159,0.0,42.68181818181818,-0.5671354,-0.013901297,-0.7227005416696722,-0.7227005416696722,0.016502361151982437,1.0
111000,1.4416158,0.0,47.19047619047619,-0.5668851,-0.017438602,-0.7634780279227665,-0.7634780279227665,0.017075563381825174,1.0
112000,1.4416159,0.0,53.10526315789474,-0.56671596,-0.014737271,-0.6112778249539828,-0.6112778249539828,0.01645322979770993,1.0
113000,1.4416159,0.0,48.6,-0.5768806,-0.015599159,-0.7671032816171646,-0.7671032816171646,0.016213686671108007,1.0
114000,1.4416159,0.0,37.03846153846154,-0.5896803,-0.015511542,-0.7924476437843763,-0.7924476437843763,0.013819513752913246,1.0
115000,1.4416158,0.0,43.40909090909091,-0.5743325,-0.016403269,-0.7394092031147169,-0.7394092031147169,0.015136188847701187,1.0
116000,1.4416159,0.0,41.869565217391305,-0.57820106,-0.018757222,-0.643198189528092,-0.643198189528092,0.014992260738559391,1.0
117000,1.4416159,0.0,47.42857142857143,-0.5745551,-0.014767234,-0.6274538863272894,-0.6274538863272894,0.015787863815646796,1.0
118000,1.4416158,0.0,41.95652173913044,-0.57504237,-0.014720645,-0.7821871835900389,-0.7821871835900389,0.015185615574212177,1.0
119000,1.4416159,0.0,51.36842105263158,-0.57282066,-0.016913567,-0.816515039456518,-0.816515039456518,0.018143525224571164,1.0
120000,1.4416158,0.0,42.52173913043478,-0.58116454,-0.016188437,-0.8164799291154613,-0.8164799291154613,0.01607110177207252,1.0
121000,1.4416158,0.0,52.8421052631579,-0.5702045,-0.014693281,-0.7390090634948329,-0.7390090634948329,0.018667938383786303,1.0
122000,1.4416159,0.0,53.833333333333336,-0.5578888,-0.014896325,-0.5836577084329393,-0.5836577084329393,0.019730897930761177,1.0
123000,1.4416159,0.0,49.25,-0.5614454,-0.016999967,-0.47209726348519326,-0.47209726348519326,0.017205754248425364,1.0
124000,1.4427279,0.0,47.04347826086956,-0.56771755,-0.022633784,-0.625506606839952,-0.625506606839952,0.01585377242770933,1.0
125000,1.445486,0.0,50.294117647058826,-0.5665536,-0.016247077,-0.456090437738519,-0.456090437738519,0.016046725703697456,1.0
126000,1.445486,0.0,47.23809523809524,-0.5701821,-0.017982384,-0.6641046958310264,-0.6641046958310264,0.013512322856556801,1.0
127000,1.445486,0.0,47.714285714285715,-0.5818533,-0.014770123,-0.8265878827798934,-0.8265878827798934,0.013035697751634177,1.0
128000,1.4454861,0.0,52.611111111111114,-0.5514912,-0.017819328,-0.5075443565017648,-0.5075443565017648,0.015800943210100133,1.0
129000,1.445486,0.0,46.86363636363637,-0.57786244,-0.016108127,-0.6981484151699326,-0.6981484151699326,0.013793162398294291,1.0
130000,1.445486,0.0,49.1578947368421,-0.5793204,-0.013743323,-0.7041044956759402,-0.7041044956759402,0.01103444613124195,1.0
131000,1.445486,0.0,47.23809523809524,-0.56593174,-0.0138605125,-0.7406926311197735,-0.7406926311197735,0.01355194721725725,1.0
132000,1.445486,0.0,50.36842105263158,-0.5765786,-0.013504908,-0.6525381615287379,-0.6525381615287379,0.013301905808284095,1.0
133000,1.445486,0.0,50.6,-0.5821393,-0.013633626,-0.7351412873715162,-0.7351412873715162,0.014955632505007088,1.0
134000,1.445486,0.0,49.73684210526316,-0.5684164,-0.011286005,-0.6603108111180758,-0.6603108111180758,0.016696910226815624,1.0
135000,1.445486,0.0,53.31578947368421,-0.5753957,-0.015415819,-0.6048076497881036,-0.6048076497881036,0.016062665559155375,1.0
136000,1.445486,0.0,48.7,-0.5734652,-0.012847173,-0.7496126011013985,-0.7496126011013985,0.012652557669207453,1.0
137000,1.445486,0.0,54.666666666666664,-0.5614143,-0.015854597,-0.7323584564858012,-0.7323584564858012,0.0163958128541708,1.0
138000,1.445486,0.0,54.388888888888886,-0.57709324,-0.014801163,-0.6877577238612704,-0.6877577238612704,0.015178711231177052,1.0
139000,1.445486,0.0,51.31578947368421,-0.5558438,-0.013826345,-0.48718868431292084,-0.48718868431292084,0.016854543802573493,1.0
140000,1.4454861,0.0,46.23809523809524,-0.5754814,-0.014595649,-0.33051355821745737,-0.33051355821745737,0.011586037287045093,1.0
141000,1.445486,0.0,47.333333333333336,-0.5708392,-0.017788684,-0.5794386395386287,-0.5794386395386287,0.014878716863070926,1.0
142000,1.445486,0.0,45.857142857142854,-0.56340235,-0.015288351,-0.673413909262135,-0.673413909262135,0.013006355014762707,1.0
143000,1.4454858,0.0,52.73684210526316,-0.57170874,-0.014901723,-0.7024637868529872,-0.7024637868529872,0.014639368133717462,1.0
144000,1.4459206,0.0,57.62068965517241,-0.550388,-0.011532767,-0.6605615960434079,-0.6605615960434079,0.015078361553605646,1.0
145000,1.4488698,0.0,47.857142857142854,-0.5614633,-0.011693605,-0.4759212538599968,-0.4759212538599968,0.012751564558129758,1.0
146000,1.4488698,0.0,48.78947368421053,-0.5640093,-0.018084016,-0.6245479991561488,-0.6245479991561488,0.013542594633212215,1.0
147000,1.4488698,0.0,57.411764705882355,-0.5270784,-0.013716373,-0.29041169802932176,-0.29041169802932176,0.01296884851420627,1.0
148000,1.44887,0.0,53.833333333333336,-0.548847,-0.01314777,-0.5229367692219583,-0.5229367692219583,0.012127504046810301,1.0
149000,1.4488698,0.0,44.22727272727273,-0.5536889,-0.011205327,-0.408082361925732,-0.408082361925732,0.010311189118180086,1.0
150000,1.4488698,0.0,50.0,-0.53684926,-0.0121029215,-0.3302712604403496,-0.3302712604403496,0.010877843108028173,1.0
151000,1.4488698,0.0,60.375,-0.5196165,-0.014248807,-0.16243739798665047,-0.16243739798665047,0.014949905686080456,1.0
152000,1.4488698,0.0,49.0,-0.5623082,-0.0109006995,-0.31211992278695105,-0.31211992278695105,0.012158428970724344,1.0
153000,1.44887,0.0,57.77777777777778,-0.5401918,-0.010073427,-0.6074481060107549,-0.6074481060107549,0.013228819602065615,1.0
154000,1.44887,0.0,51.26315789473684,-0.5415831,-0.012078232,-0.44777098960346645,-0.44777098960346645,0.012290154092220796,1.0
155000,1.4488698,0.0,48.68421052631579,-0.53942406,-0.015140009,-0.5314025938510895,-0.5314025938510895,0.012155599077232182,1.0
156000,1.4488698,0.0,51.26315789473684,-0.53977746,-0.01348452,-0.5264315197342321,-0.5264315197342321,0.012689404091552683,1.0
157000,1.4488698,0.0,45.95238095238095,-0.5371752,-0.01316789,-0.44666533243088496,-0.44666533243088496,0.010732299470830532,1.0
158000,1.4488698,0.0,51.95238095238095,-0.5304372,-0.01275476,-0.37673769962219966,-0.37673769962219966,0.011815166012162254,1.0
159000,1.4488698,0.0,53.8235294117647,-0.5448078,-0.010245877,-0.3225261735565522,-0.3225261735565522,0.012707330259110998,1.0
160000,1.4488698,0.0,63.35294117647059,-0.5426532,-0.01087399,-0.4476282484829426,-0.4476282484829426,0.012004928343230858,1.0
161000,1.4488698,0.0,50.529411764705884,-0.54079604,-0.013090368,-0.430079181989034,-0.430079181989034,0.014329801572279798,1.0
162000,1.4488698,0.0,55.1578947368421,-0.5519576,-0.012863443,-0.7196736194585499,-0.7196736194585499,0.011702845779884802,1.0
163000,1.4488698,0.0,45.7,-0.55801576,-0.012180997,-0.7343679338693618,-0.7343679338693618,0.012258130265399814,1.0
164000,1.44887,0.0,48.75,-0.55454,-0.011747196,-0.5911979407072068,-0.5911979407072068,0.012566632451489567,1.0
165000,1.4496807,0.0,42.958333333333336,-0.49990436,-0.012277243,-0.686014480211518,-0.686014480211518,0.010939491859806532,1.0
166000,1.4524671,0.0,43.285714285714285,-0.53328556,-0.010588153,-0.6695448756217957,-0.6695448756217957,0.009715091943254938,1.0
167000,1.4524671,0.0,50.095238095238095,-0.5102005,-0.010022609,-0.4752626001834869,-0.4752626001834869,0.011075367196463048,1.0
168000,1.4524672,0.0,55.470588235294116,-0.4637524,-0.009014006,0.1184837809867329,0.1184837809867329,0.01149636698472831,1.0
169000,1.4524671,0.0,61.375,-0.4737854,-0.009042613,-0.2657015975564718,-0.2657015975564718,0.013115848880261183,1.0
170000,1.4524671,0.0,62.375,-0.5054142,-0.009325838,-0.3358499463647604,-0.3358499463647604,0.013543374632718042,1.0
171000,1.4524672,0.0,51.578947368421055,-0.48435715,-0.01309812,-0.33922579972183003,-0.33922579972183003,0.01347755128517747,1.0
172000,1.4524671,0.0,59.875,-0.49646986,-0.01129934,-0.29727620010574657,-0.29727620010574657,0.01147621929542058,1.0
173000,1.4524671,0.0,62.05882352941177,-0.4748988,-0.010198324,-0.31495288496508317,-0.31495288496508317,0.013627572122084744,1.0
174000,1.4524672,0.0,54.411764705882355,-0.5185192,-0.008945683,-0.5824564029188717,-0.5824564029188717,0.012251437093843432,1.0
175000,1.4524671,0.0,51.0,-0.48975065,-0.012268347,-0.3293900960370114,-0.3293900960370114,0.01218364953896717,1.0
176000,1.4524672,0.0,53.44444444444444,-0.4916352,-0.010509347,-0.38685769329054487,-0.38685769329054487,0.01226992716288401,1.0
177000,1.4524671,0.0,59.588235294117645,-0.4876098,-0.010773368,-0.49675444645040173,-0.49675444645040173,0.012648944551234735,1.0
178000,1.4524671,0.0,56.294117647058826,-0.4834206,-0.010272875,-0.4406697259229772,-0.4406697259229772,0.012570349752957769,1.0
179000,1.4524671,0.0,51.3,-0.5171491,-0.008833243,-0.4346766009926796,-0.4346766009926796,0.011547193024307489,1.0
180000,1.4524671,0.0,55.8235294117647,-0.5105455,-0.00952265,-0.41115206304718466,-0.41115206304718466,0.01173532589831773,1.0
181000,1.4524671,0.0,53.888888888888886,-0.51311994,-0.009571943,-0.4903821117348141,-0.4903821117348141,0.010692821944960289,1.0
182000,1.4524671,0.0,51.94736842105263,-0.5021406,-0.007662631,-0.33762169197986003,-0.33762169197986003,0.010491008135048966,1.0
183000,1.4524671,0.0,65.4,-0.5067693,-0.009252279,-0.5587261478106181,-0.5587261478106181,0.012299727043136954,1.0
184000,1.4524671,0.0,64.6875,-0.49785918,-0.00963291,-0.5168049139901996,-0.5168049139901996,0.01368710701353848,1.0
185000,1.4529357,0.0,47.03125,-0.47492677,-0.013958683,-0.34198721349239347,-0.34198721349239347,0.011950802174396813,1.0
186000,1.4549044,0.0,55.625,-0.45211,-0.009676105,-0.23276527225971222,-0.23276527225971222,0.009980916627682745,1.0
187000,1.4549044,0.0,53.05555555555556,-0.45022264,-0.009500033,-0.08541099892722236,-0.08541099892722236,0.010641680176680287,1.0
188000,1.4549044,0.0,48.35,-0.42733234,-0.012701196,-0.2461019352078438,-0.2461019352078438,0.010931712901219725,1.0
189000,1.4549044,0.0,50.77272727272727,-0.44394735,-0.012656944,-0.36321198798361276,-0.36321198798361276,0.009688212647147122,1.0
190000,1.4549044,0.0,59.13333333333333,-0.44470677,-0.010858801,-0.40027908608317375,-0.40027908608317375,0.01144562303670682,1.0
191000,1.4549044,0.0,55.55555555555556,-0.46245337,-0.010537986,-0.45952955002172124,-0.45952955002172124,0.00975800823006365,1.0
192000,1.4549043,0.0,77.91666666666667,-0.46688557,-0.008738935,-0.37829771474935114,-0.37829771474935114,0.01333086813489596,1.0
193000,1.4549044,0.0,54.411764705882355,-0.51158,-0.009904712,-0.3823058245082696,-0.3823058245082696,0.010890093088770906,1.0
194000,1.4549044,0.0,66.66666666666667,-0.47294492,-0.007638721,-0.4113901495933533,-0.4113901495933533,0.011902999474356572,1.0
195000,1.4549044,0.0,69.28571428571429,-0.48381048,-0.009476635,-0.5935694852045604,-0.5935694852045604,0.011897325216393386,1.0
196000,1.4549044,0.0,51.85,-0.4693213,-0.007711409,-0.2570299178361893,-0.2570299178361893,0.00923042157664895,1.0
197000,1.4549044,0.0,59.1875,-0.44024193,-0.01223026,-0.19147741794586182,-0.19147741794586182,0.012998152407817543,1.0
198000,1.4549044,0.0,50.55,-0.4518969,-0.0105945505,-0.35881726294755933,-0.35881726294755933,0.009602041239850223,1.0
199000,1.4549044,0.0,54.666666666666664,-0.4340171,-0.008287552,-0.3284369657437007,-0.3284369657437007,0.011737911263480783,1.0
200000,1.4549043,0.0,52.8421052631579,-0.46746957,-0.011473697,-0.3498339851697286,-0.3498339851697286,0.010523735700796047,1.0
201000,1.4549044,0.0,54.88235294117647,-0.44911495,-0.0104653025,-0.14493250474333763,-0.14493250474333763,0.010542696613507966,1.0
202000,1.4549043,0.0,60.5625,-0.45890373,-0.0120986365,-0.02602658560499549,-0.02602658560499549,0.011255552555667236,1.0
203000,1.4549046,0.0,55.666666666666664,-0.44712225,-0.012041386,-0.4127036432425181,-0.4127036432425181,0.011059791082516313,1.0
204000,1.4549044,0.0,67.13333333333334,-0.4672251,-0.007553218,-0.2745172599951426,-0.2745172599951426,0.011420348022753993,1.0
205000,1.4549044,0.0,62.2,-0.46904653,-0.008133163,-0.2544070581595103,-0.2544070581595103,0.010446033999323845,1.0
206000,1.4555504,0.0,61.40909090909091,-0.38137743,-0.0045488453,-0.29241621494293213,-0.29241621494293213,0.01142652857945197,1.0
207000,1.4581697,0.0,57.90909090909091,-0.41292936,-0.0030213974,-0.10850835343201955,-0.10850835343201955,0.011904324032366275,1.0
208000,1.4581696,0.0,49.15,-0.3618316,-0.0062910262,-0.11137962341308594,-0.11137962341308594,0.009211255326157524,1.0
209000,1.4581696,0.0,56.0,-0.34647724,-0.003666239,0.3345334306359291,0.3345334306359291,0.010615152745124172,1.0
210000,1.4581696,0.0,64.8125,-0.35840464,-0.003706576,0.1912863274415334,0.1912863274415334,0.011435212412228188,1.0
211000,1.4581697,0.0,68.21428571428571,-0.36745694,-0.0039207777,-0.05750125845273336,-0.05750125845273336,0.01185461130614082,1.0
212000,1.4581697,0.0,57.23529411764706,-0.3483028,-0.0055830595,-0.07106424605145174,-0.07106424605145174,0.011693312101723516,1.0
213000,1.4581695,0.0,58.588235294117645,-0.37081102,-0.0056501366,-0.28748151309349956,-0.28748151309349956,0.012020468437934624,1.0
214000,1.4581697,0.0,60.94117647058823,-0.39947528,-0.0044955374,-0.17589715298484354,-0.17589715298484354,0.010460054584066658,1.0
215000,1.4581696,0.0,66.5,-0.41170743,-0.0016234586,-0.1248503987278257,-0.1248503987278257,0.011718032415956259,1.0
216000,1.4581696,0.0,64.6,-0.35718438,-0.0037179166,-0.06895991762479146,-0.06895991762479146,0.011870958252499501,1.0
217000,1.4581696,0.0,54.611111111111114,-0.39623392,-0.0046439897,-0.18531177648239666,-0.18531177648239666,0.009220446408208873,1.0
218000,1.4581695,0.0,49.15,-0.37550077,-0.0040239003,-0.25674192830920217,-0.25674192830920217,0.010568089538719506,1.0
219000,1.4581696,0.0,59.705882352941174,-0.34499156,-0.0045764195,-0.10793404018177706,-0.10793404018177706,0.011110047494773479,1.0
220000,1.4581696,0.0,61.35294117647059,-0.35419273,-0.006527919,-0.12939491122961044,-0.12939491122961044,0.01115093904081732,1.0
221000,1.4581697,0.0,66.21428571428571,-0.33866322,-0.0044014594,0.30538586974143983,0.30538586974143983,0.012569686584174632,1.0
222000,1.4581696,0.0,77.3076923076923,-0.3710629,-0.0020774696,-0.354165086379418,-0.354165086379418,0.012573859081245385,1.0
223000,1.4581696,0.0,60.875,-0.3464132,-0.0048148106,-0.2985065979883075,-0.2985065979883075,0.012313102255575359,1.0
224000,1.4581696,0.0,58.4375,-0.40709758,-0.004476807,-0.3450307697057724,-0.3450307697057724,0.010458335629664361,1.0
225000,1.4581696,0.0,77.92307692307692,-0.37838376,-0.0026978047,-0.18341532120337853,-0.18341532120337853,0.01418672763527586,1.0
226000,1.458636,0.0,55.58064516129032,-0.30500546,-0.004402045,-0.21943851364286324,-0.21943851364286324,0.011050981028299583,1.0
227000,1.4609426,0.0,70.75,-0.28317505,-0.0012998326,-0.023699927143752575,-0.023699927143752575,0.012737503100652248,1.0
228000,1.4609424,0.0,65.73333333333333,-0.24044397,0.001213915,0.4398996949195862,0.4398996949195862,0.013714134320616722,1.0
229000,1.4609426,0.0,77.61538461538461,-0.26180217,0.002335804,0.1912845013042291,0.1912845013042291,0.014209571139266094,1.0
230000,1.4609426,0.0,58.529411764705884,-0.25009653,-0.0010851303,0.13354303108321297,0.13354303108321297,0.00937782714350356,1.0
231000,1.4609424,0.0,63.92857142857143,-0.30966976,0.00082323037,-0.07530943623610906,-0.07530943623610906,0.0111119477743549,1.0
232000,1.4609424,0.0,63.1875,-0.29829764,0.0012183218,0.1149492897093296,0.1149492897093296,0.01098834109143354,1.0
233000,1.4609426,0.0,53.55555555555556,-0.27269593,-0.0012235148,0.054164563616116844,0.054164563616116844,0.009815760215537416,1.0
234000,1.4609426,0.0,71.28571428571429,-0.3319039,0.002912223,-0.21045041645577708,-0.21045041645577708,0.010697928024455905,1.0
235000,1.4609424,0.0,60.125,-0.2714259,0.00047306623,-0.053387412801384926,-0.053387412801384926,0.010820700728800148,1.0
236000,1.4609424,0.0,62.0625,-0.2623299,0.0007853201,0.08302091807126999,0.08302091807126999,0.010986298409989104,1.0
237000,1.4609425,0.0,74.15384615384616,-0.3020126,0.0029523184,0.3346503652059115,0.3346503652059115,0.01343296428855795,1.0
238000,1.4609425,0.0,61.375,-0.21800292,-0.0018950335,0.4028784241527319,0.4028784241527319,0.01166658426518552,1.0
239000,1.4609424,0.0,60.64705882352941,-0.24085903,-0.00057860074,0.3499765457475887,0.3499765457475887,0.011409344151616096,1.0
240000,1.4609425,0.0,58.470588235294116,-0.25386706,5.055063e-05,0.05150831709889805,0.05150831709889805,0.010922311271047768,1.0
241000,1.4609425,0.0,52.526315789473685,-0.2557076,-3.7148104e-05,0.15977271293338977,0.15977271293338977,0.009600329782666736,1.0
242000,1.4609424,0.0,51.73684210526316,-0.28384203,0.0017596049,0.08638382247752613,0.08638382247752613,0.010059077674264295,1.0
243000,1.4609426,0.0,76.66666666666667,-0.21231301,-0.00017585265,0.6318134573789743,0.6318134573789743,0.012545808075139156,1.0
244000,1.4609425,0.0,57.0,-0.24628837,-0.0008138986,0.24669785528547233,0.24669785528547233,0.011032392115642628,1.0
245000,1.4609426,0.0,64.0,-0.25873706,0.00092977565,0.05108274221420288,0.05108274221420288,0.012601631072660288,1.0
246000,1.4609426,0.0,66.6470588235294,-0.26199245,0.0013648123,0.4257458845774333,0.4257458845774333,0.011628654319792986,1.0
247000,1.4617057,0.0,56.95454545454545,-0.16739435,0.005841391,0.410197443763415,0.410197443763415,0.011145241931080819,1.0
248000,1.4638231,0.0,70.375,-0.11668797,0.0052068527,0.03353106449632084,0.03353106449632084,0.01005472508533036,1.0
249000,1.4638232,0.0,57.22222222222222,-0.15719226,0.0046689142,0.0034808251592848036,0.0034808251592848036,0.011360335189642178,1.0
250000,1.4638231,0.0,50.611111111111114,-0.1213092,0.0036842632,0.316145239604844,0.316145239604844,0.008572521516018443,1.0
251000,1.4638231,0.0,62.875,-0.12548883,0.006625352,0.5956175960600376,0.5956175960600376,0.010627884461428039,1.0
252000,1.4638232,0.0,74.46153846153847,-0.15663092,0.0072165187,0.7007652131410745,0.7007652131410745,0.011965069095962323,1.0
253000,1.4638231,0.0,62.25,-0.098509476,0.005681615,0.46093263290822506,0.46093263290822506,0.013002161285839975,1.0
254000,1.4638231,0.0,75.64285714285714,-0.0962639,0.0076911217,0.2505128956758059,0.2505128956758059,0.012260595336556435,1.0
255000,1.4638231,0.0,49.25,-0.12107638,0.0058247945,0.09236705728939601,0.09236705728939601,0.011207771997544028,1.0
256000,1.4638231,0.0,54.470588235294116,-0.099726744,0.005147171,0.37839850432732525,0.37839850432732525,0.01026428077260361,1.0
257000,1.4638232,0.0,54.0,-0.09819644,0.0035147693,0.4303252531422509,0.4303252531422509,0.010841074192689525,1.0
258000,1.4638231,0.0,69.85714285714286,-0.170161,0.008892602,0.4246001179729189,0.4246001179729189,0.012662815196173531,1.0
259000,1.4638231,0.0,58.05882352941177,-0.11224715,0.0047770804,0.36881183526095224,0.36881183526095224,0.010974261526237516,1.0
260000,1.4638232,0.0,65.25,-0.111581646,0.006903258,0.47022591158747673,0.47022591158747673,0.01176206165109761,1.0
261000,1.4638231,0.0,42.0,-0.06644224,0.0041051726,0.15591886775060135,0.15591886775060135,0.010065744556909935,1.0
262000,1.4638231,0.0,60.25,-0.18553936,0.0057176556,-0.038951609283685684,-0.038951609283685684,0.010581613358226605,1.0
263000,1.4638232,0.0,61.875,-0.14088964,0.0058845924,0.2921359371393919,0.2921359371393919,0.011233701108722016,1.0
264000,1.4638231,0.0,70.13333333333334,-0.12567382,0.007437899,0.43590054611365,0.43590054611365,0.011678681460519631,1.0
265000,1.4638231,0.0,54.94117647058823,-0.097836815,0.003522051,0.1897404682548607,0.1897404682548607,0.010489618816577336,1.0
266000,1.4638232,0.0,69.42857142857143,-0.08361494,0.006696003,0.5631905772856304,0.5631905772856304,0.014383068906941585,1.0
267000,1.4640652,0.0,54.3235294117647,-0.093598396,0.0053015957,0.5451282693280114,0.5451282693280114,0.011383697882087694,1.0
268000,1.4658204,0.0,60.5,-0.031719048,0.009637103,0.4027875032689836,0.4027875032689836,0.011015554243284795,1.0
269000,1.4658206,0.0,61.4375,-0.013571685,0.009240363,0.4494759105145931,0.4494759105145931,0.01216236429172568,1.0
270000,1.4658204,0.0,56.94444444444444,-0.011551546,0.0076982398,0.39009488622347516,0.39009488622347516,0.00978734226535178,1.0
271000,1.4658204,0.0,48.26315789473684,-0.0035496142,0.008720751,0.46903728654510096,0.46903728654510096,0.009809594932257346,1.0
272000,1.4658204,0.0,70.64285714285714,0.009047171,0.011079727,0.21302861826760427,0.21302861826760427,0.012860926666430064,1.0
273000,1.4658204,0.0,58.05882352941177,-0.036811914,0.0111714285,0.5476808561121717,0.5476808561121717,0.011361272512551616,1.0
274000,1.4658204,0.0,63.8125,0.020639937,0.009874403,0.7056850865483284,0.7056850865483284,0.013339789147721604,1.0
275000,1.4658204,1.0,39.458333333333336,0.006586958,0.008736462,0.25271952028075856,0.25271952028075856,0.007899357510420183,1.0
276000,1.4658204,1.0,55.5,0.018852673,0.007958654,0.42560375812980866,0.42560375812980866,0.010015028800504902,1.0
277000,1.4658204,1.0,61.0625,0.017700236,0.009667394,0.26851173862814903,0.26851173862814903,0.014918474480509758,1.0
278000,1.4658204,1.0,64.11764705882354,-0.010485612,0.010383591,0.43076006695628166,0.43076006695628166,0.01344798898207955,1.0
279000,1.4658204,1.0,61.642857142857146,0.019180246,0.008270788,0.6904516895612081,0.6904516895612081,0.015207455431421598,1.0
280000,1.4658204,1.0,64.1875,0.0365971,0.010021848,0.3769509121775627,0.3769509121775627,0.015074711467605084,1.0
281000,1.4658204,1.0,67.8,0.018725285,0.008063098,0.4516266981760661,0.4516266981760661,0.01639827825129032,1.0
282000,1.4658204,1.0,56.0,0.048239864,0.007999891,0.6118375826627016,0.6118375826627016,0.014703687716973945,1.0
283000,1.4658204,2.0,41.583333333333336,0.029953713,0.008187507,0.28306226308147114,0.28306226308147114,0.010108359497583782,1.0
284000,1.4658204,2.0,30.575757575757574,-0.013792007,0.003310691,-0.618643888542729,-0.618643888542729,0.009752603698401682,1.0
285000,1.4658204,2.0,30.03125,-0.058630038,0.0029813806,-0.7282235385740504,-0.7282235385740504,0.008204141953576575,1.0
286000,1.4658204,2.0,23.846153846153847,-0.05087835,0.0029086638,-0.7730326448616228,-0.7730326448616228,0.008590857942564119,1.0
287000,1.4658204,2.0,23.35,-0.04026843,0.0006303278,-0.7486068475537184,-0.7486068475537184,0.008518363644437092,1.0
288000,1.4672601,2.0,23.454545454545453,-0.092792414,0.0040489826,-0.7841897731603578,-0.7841897731603578,0.007916214020359654,1.0
289000,1.4702877,2.0,25.27027027027027,-0.0709646,0.005855744,-0.7310627215617412,-0.7310627215617412,0.008222727781488887,1.0
290000,1.4702876,2.0,28.939393939393938,-0.07032336,0.0042549293,-0.681584257068056,-0.681584257068056,0.010768428769414171,1.0
291000,1.4702876,2.0,24.0,-0.07290963,0.004604727,-0.7557910077273846,-0.7557910077273846,0.00798158806283027,1.0
292000,1.4702876,2.0,27.285714285714285,-0.06469188,0.0058914255,-0.6379268782479423,-0.6379268782479423,0.009094839749325598,1.0
293000,1.4702876,2.0,27.11111111111111,-0.07286437,0.0041057137,-0.6630900270409055,-0.6630900270409055,0.010121001971937302,1.0
294000,1.4702877,2.0,22.88095238095238,-0.09321696,0.004010373,-0.8066104849179586,-0.8066104849179586,0.007276502404628056,1.0
295000,1.4702876,2.0,27.714285714285715,-0.06796747,0.005525707,-0.6438678064280086,-0.6438678064280086,0.008463914868318372,1.0
296000,1.4702876,2.0,28.71875,-0.058969945,0.003450599,-0.5414025280624628,-0.5414025280624628,0.009922018914949149,1.0
297000,1.4702877,2.0,29.606060606060606,-0.067759246,0.0063359104,-0.6345685142459292,-0.6345685142459292,0.0111933306607446,1.0
298000,1.4702877,2.0,24.71794871794872,-0.08056659,0.003307954,-0.6715918076344025,-0.6715918076344025,0.00851674699403632,1.0
299000,1.4702876,2.0,29.060606060606062,-0.069996774,0.0065299612,-0.5513963988333037,-0.5513963988333037,0.009956481541986719,1.0
300000,1.4702878,2.0,25.864864864864863,-0.06831107,0.004112429,-0.6483059614091307,-0.6483059614091307,0.008753145610712268,1.0
301000,1.4702876,2.0,28.5,-0.08052985,0.00417389,-0.7199164839351878,-0.7199164839351878,0.009173773455104846,1.0
302000,1.4702876,2.0,26.513513513513512,-0.06433408,0.004956104,-0.6779567784554249,-0.6779567784554249,0.009170880251740282,1.0
303000,1.4702876,2.0,27.444444444444443,-0.040275954,0.003988909,-0.6624217339924403,-0.6624217339924403,0.010683011250304325,1.0
304000,1.4702876,2.0,22.95,-0.09324947,0.006074474,-0.7999326921090847,-0.7999326921090847,0.007813724785725154,1.0
305000,1.4702876,2.0,20.4468085106383,-0.086576976,0.0033801391,-0.8119659588692036,-0.8119659588692036,0.007425077849047932,1.0
306000,1.4702878,2.0,27.38888888888889,-0.070286185,0.0051620165,-0.7639233552747302,-0.7639233552747302,0.00981017063734018,1.0
307000,1.4702877,2.0,25.243243243243242,-0.07044205,0.006700071,-0.759965423796628,-0.759965423796628,0.007406810676125255,1.0
308000,1.4705217,2.0,27.72340425531915,-0.14295891,0.0023370145,-0.6578628838062286,-0.6578628838062286,0.010575498846758688,1.0
309000,1.4739084,2.0,23.821428571428573,-0.310095,-0.004156262,-0.7843138560270652,-0.7843138560270652,0.0075968585383051485,1.0
310000,1.4739083,2.0,24.05263157894737,-0.30664387,-0.0046971273,-0.7429466874171526,-0.7429466874171526,0.007486188151419927,1.0
311000,1.4739084,2.0,28.2,-0.29991165,-0.0047344635,-0.673226319040571,-0.673226319040571,0.00765093892945775,1.0
312000,1.4739084,2.0,23.21951219512195,-0.3362557,-0.0051941383,-0.7293444086865681,-0.7293444086865681,0.007019057245243613,1.0
313000,1.4739082,2.0,27.514285714285716,-0.30216566,-0.005008682,-0.6876228792326791,-0.6876228792326791,0.007980013751823988,1.0
314000,1.4739083,2.0,23.11904761904762,-0.3152349,-0.004236276,-0.8519295184385209,-0.8519295184385209,0.0066209770960822,1.0
315000,1.4739083,2.0,29.96875,-0.30034298,-0.0020327023,-0.588122520595789,-0.588122520595789,0.008162760961567983,1.0
316000,1.4739084,2.0,24.23076923076923,-0.30369884,-0.0057482067,-0.7366348887101198,-0.7366348887101198,0.007594778614405256,1.0
317000,1.4739082,2.0,27.857142857142858,-0.31571358,-0.0040734387,-0.5968091760362898,-0.5968091760362898,0.008785675738805107,1.0
318000,1.4739083,2.0,26.513513513513512,-0.3154543,-0.0031470307,-0.6287762409931904,-0.6287762409931904,0.007883017014309362,1.0
319000,1.4739082,2.0,24.68421052631579,-0.30348465,-0.004423643,-0.6300716078595111,-0.6300716078595111,0.007302683876141121,1.0
320000,1.4739083,2.0,28.314285714285713,-0.32514277,-0.0020045054,-0.6954583040305546,-0.6954583040305546,0.00797322160630886,1.0
321000,1.4739083,2.0,29.666666666666668,-0.3091111,-0.0035858606,-0.5522727587006309,-0.5522727587006309,0.007295583748738422,1.0
322000,1.4739084,2.0,26.514285714285716,-0.29885018,-0.005019803,-0.6162445970943996,-0.6162445970943996,0.008063891250640155,1.0
323000,1.4739082,2.0,23.825,-0.32899407,-0.0033394587,-0.7864840194582939,-0.7864840194582939,0.00652067109476775,1.0
324000,1.4739084,2.0,25.916666666666668,-0.3055245,-0.005814902,-0.803081088774913,-0.803081088774913,0.007542921085464391,1.0
325000,1.4739083,2.0,28.470588235294116,-0.31759322,-0.0016349482,-0.5461223703973433,-0.5461223703973433,0.008181679456303007,1.0
326000,1.4739082,2.0,27.514285714285716,-0.30876338,-0.0038070092,-0.681902882882527,-0.681902882882527,0.007375452181856547,1.0
327000,1.4739083,2.0,23.926829268292682,-0.33812714,-0.0038744963,-0.7009473399418157,-0.7009473399418157,0.006382325664162636,1.0
328000,1.4739083,2.0,28.11764705882353,-0.3081769,-0.0030656185,-0.6248635500669479,-0.6248635500669479,0.007944962567896308,1.0
329000,1.4745723,2.0,24.743589743589745,-0.45054078,-0.004113409,-0.7249251481814262,-0.7249251481814262,0.006583543891349855,1.0
330000,1.4764346,2.0,26.675675675675677,-0.4652198,-0.0066377386,-0.7080000059024708,-0.7080000059024708,0.0075956020453894465,1.0
331000,1.4764346,2.0,26.86111111111111,-0.4566413,-0.0057302234,-0.6127360258783613,-0.6127360258783613,0.007296060058953506,1.0
332000,1.4764346,2.0,27.235294117647058,-0.45450398,-0.0059165354,-0.5913097398621695,-0.5913097398621695,0.007687575702688524,1.0
333000,1.4764345,2.0,25.789473684210527,-0.46078065,-0.0053945794,-0.6737758015331469,-0.6737758015331469,0.0066701727122754646,1.0
334000,1.4764346,2.0,27.62857142857143,-0.47530517,-0.0062573506,-0.5158800397600446,-0.5158800397600446,0.007476895448884794,1.0
335000,1.4764345,2.0,24.358974358974358,-0.4741589,-0.006902927,-0.7519364173595722,-0.7519364173595722,0.006180561696871733,1.0
336000,1.4764346,2.0,26.47222222222222,-0.47005448,-0.007014428,-0.6350811339086957,-0.6350811339086957,0.007826591311540041,1.0
337000,1.4764345,2.0,25.736842105263158,-0.47799703,-0.007937645,-0.7023568549438527,-0.7023568549438527,0.007078461845307366,1.0
338000,1.4764346,2.0,31.35483870967742,-0.47800994,-0.005082658,-0.7327380968678382,-0.7327380968678382,0.008279201679772908,1.0
339000,1.4764346,2.0,23.975,-0.47913256,-0.00546044,-0.6011390157043934,-0.6011390157043934,0.0067684125824598595,1.0
340000,1.4764346,2.0,28.88235294117647,-0.47944176,-0.0049949326,-0.5754917895092684,-0.5754917895092684,0.007937035167261082,1.0
341000,1.4764346,2.0,29.34375,-0.46096116,-0.0054661883,-0.5462812762707472,-0.5462812762707472,0.008442345537332585,1.0
342000,1.4764346,2.0,27.62857142857143,-0.4648027,-0.0062746224,-0.7094491754259382,-0.7094491754259382,0.007296334127230303,1.0
343000,1.4764346,2.0,28.294117647058822,-0.4577118,-0.0057932716,-0.6024694407687468,-0.6024694407687468,0.007358342422829831,1.0
344000,1.4764345,2.0,23.642857142857142,-0.46304697,-0.006829833,-0.738966851699643,-0.738966851699643,0.006395850608852215,1.0
345000,1.4764346,2.0,27.91176470588235,-0.4737485,-0.005916295,-0.6425246008804866,-0.6425246008804866,0.0074759473758084435,1.0
346000,1.4764346,2.0,26.75,-0.46543396,-0.0053062546,-0.6295322510931227,-0.6295322510931227,0.00670263039905371,1.0
347000,1.4764345,2.0,30.125,-0.45279193,-0.0060894596,-0.5989032580006507,-0.5989032580006507,0.007866475250451796,1.0
348000,1.4764346,2.0,33.51724137931034,-0.4524679,-0.006090947,-0.2479707141717275,-0.2479707141717275,0.00880727485831206,1.0
349000,1.4764855,2.0,27.933333333333334,-0.48977798,-0.008149682,-0.5410308888980321,-0.5410308888980321,0.0074131295351045476,1.0
350000,1.4773474,2.0,23.24137931034483,-0.54449064,-0.0099533405,-0.6069852882309964,-0.6069852882309964,0.006003417374909316,1.0
351000,1.477347,2.0,25.675675675675677,-0.5378386,-0.012828649,-0.6293968652424059,-0.6293968652424059,0.007062820167783157,1.0
352000,1.477347,2.0,24.41025641025641,-0.5392932,-0.010868254,-0.621481044170184,-0.621481044170184,0.005682238607476346,1.0
353000,1.4773473,2.0,22.857142857142858,-0.5447816,-0.011305902,-0.6502428764388675,-0.6502428764388675,0.006330563896058482,1.0
354000,1.4773471,2.0,31.35483870967742,-0.51259315,-0.009585448,-0.4290916564003114,-0.4290916564003114,0.007562423169973397,1.0
355000,1.4773471,2.0,28.88235294117647,-0.52655995,-0.008735813,-0.49509650468826294,-0.49509650468826294,0.006905398030272301,1.0
356000,1.4773473,2.0,25.86111111111111,-0.54185665,-0.00919985,-0.690545963274466,-0.690545963274466,0.005982859698879356,1.0
357000,1.4773474,2.0,28.58823529411765,-0.5406836,-0.010132588,-0.47268003751249876,-0.47268003751249876,0.007396443500457441,1.0
358000,1.4773471,2.0,28.87878787878788,-0.5293779,-0.010357138,-0.5515382181514393,-0.5515382181514393,0.0065250287968383145,1.0
359000,1.477347,2.0,28.176470588235293,-0.52572805,-0.010581202,-0.5749847363023197,-0.5749847363023197,0.007720789529711884,1.0
360000,1.4773473,2.0,27.72222222222222,-0.5338555,-0.009258743,-0.5006891659327916,-0.5006891659327916,0.006730319679315601,1.0
361000,1.4773473,2.0,23.21951219512195,-0.5586602,-0.013114682,-0.754218109306835,-0.754218109306835,0.00618235223616163,1.0
362000,1.4773473,2.0,31.766666666666666,-0.54302377,-0.008678747,-0.4752240399519602,-0.4752240399519602,0.00735831525720035,1.0
363000,1.477347,2.0,23.775,-0.54759777,-0.010197261,-0.6113640248775483,-0.6113640248775483,0.0059721575205912815,1.0
364000,1.4773471,2.0,29.454545454545453,-0.5390149,-0.0093271285,-0.4828364018237952,-0.4828364018237952,0.0075422880578447475,1.0
365000,1.4773471,2.0,31.0,-0.53888685,-0.009413292,-0.44500629557296634,-0.44500629557296634,0.00831746740732342,1.0
366000,1.4773473,2.0,24.473684210526315,-0.542623,-0.010306768,-0.6299831835847152,-0.6299831835847152,0.0060165312943833045,1.0
367000,1.477347,2.0,31.666666666666668,-0.51971173,-0.010136857,-0.5108594325455752,-0.5108594325455752,0.007175785475269411,1.0
368000,1.477347,2.0,25.62857142857143,-0.54504204,-0.009988702,-0.6279165932110378,-0.6279165932110378,0.006879838270002178,1.0
369000,1.4773473,2.0,26.08108108108108,-0.5616773,-0.010700229,-0.598378407794076,-0.598378407794076,0.00698443318125666,1.0
370000,1.4777732,2.0,29.416666666666668,-0.53992176,-0.013748606,-0.5626282670042094,-0.5626282670042094,0.007199021405540407,1.0
371000,1.4798678,2.0,26.696969696969695,-0.55340934,-0.014181086,-0.5682044724623362,-0.5682044724623362,0.005927413081129392,1.0
372000,1.4798678,2.0,31.774193548387096,-0.5317551,-0.01263657,-0.39523618452010617,-0.39523618452010617,0.006861589638696563,1.0
373000,1.4798678,2.0,26.457142857142856,-0.5466558,-0.014206564,-0.5599851659366063,-0.5599851659366063,0.006919323746114969,1.0
374000,1.4798678,2.0,25.72972972972973,-0.5495123,-0.013171867,-0.5364422008797929,-0.5364422008797929,0.006415057040096537,1.0
375000,1.4798679,2.0,23.73170731707317,-0.55476487,-0.013565011,-0.631229290148107,-0.631229290148107,0.005655904891105686,1.0
376000,1.4798677,2.0,26.86111111111111,-0.5513234,-0.014371129,-0.6155478035410246,-0.6155478035410246,0.005965187916040627,1.0
377000,1.4798679,2.0,28.264705882352942,-0.5278635,-0.013904987,-0.5198435660670785,-0.5198435660670785,0.006888199094272054,1.0
378000,1.4798678,2.0,29.03030303030303,-0.5393644,-0.013970585,-0.516042459191698,-0.516042459191698,0.0069877359536335325,1.0
379000,1.4798678,2.0,26.243243243243242,-0.5378584,-0.013003215,-0.5761297619020617,-0.5761297619020617,0.0060628013295197,1.0
380000,1.4798678,2.0,27.228571428571428,-0.53758746,-0.013168509,-0.42341717311314175,-0.42341717311314175,0.006849989564424115,1.0
381000,1.4798679,2.0,27.63888888888889,-0.5464798,-0.01471575,-0.6117451804024833,-0.6117451804024833,0.0066658604058570095,1.0
382000,1.4798677,2.0,32.13333333333333,-0.55352265,-0.012146693,-0.48033811200049614,-0.48033811200049614,0.007803792821153278,1.0
383000,1.4798678,2.0,25.43243243243243,-0.5333777,-0.013966069,-0.433462735768911,-0.433462735768911,0.006140097972584536,1.0
384000,1.4798678,2.0,25.44736842105263,-0.52958983,-0.015583962,-0.5217631827843817,-0.5217631827843817,0.006347622843397977,1.0
385000,1.4798677,2.0,23.195121951219512,-0.550615,-0.013217721,-0.5800653914125954,-0.5800653914125954,0.005603252628977161,1.0
386000,1.4798678,2.0,25.81578947368421,-0.54973537,-0.015389907,-0.5915147575892901,-0.5915147575892901,0.006285450347748242,1.0
387000,1.4798678,2.0,27.142857142857142,-0.54769814,-0.014911129,-0.5111040217535836,-0.5111040217535836,0.007087734813934991,1.0
388000,1.4798677,2.0,26.86111111111111,-0.5436857,-0.012157749,-0.46727781080537373,-0.46727781080537373,0.005958623687749625,1.0
389000,1.4798679,2.0,25.945945945945947,-0.56283927,-0.014002196,-0.5483362449182047,-0.5483362449182047,0.006352460276134111,1.0
390000,1.4800117,2.0,26.347826086956523,-0.52581465,-0.015665496,-0.52269114057223,-0.52269114057223,0.006862170202010829,1.0
391000,1.4816351,2.0,27.807692307692307,-0.5328324,-0.017622853,-0.4137811495198144,-0.4137811495198144,0.006595020066015422,1.0
392000,1.4816349,2.0,28.176470588235293,-0.51924914,-0.017659912,-0.45982357158380394,-0.45982357158380394,0.006991763842319522,1.0
393000,1.4816349,2.0,27.771428571428572,-0.5268165,-0.017816834,-0.48674632140568325,-0.48674632140568325,0.0062890705885365605,1.0
394000,1.4816349,2.0,30.6875,-0.5185716,-0.016862938,-0.4012413006275892,-0.4012413006275892,0.006987795924942475,1.0
395000,1.4816347,2.0,31.161290322580644,-0.51015186,-0.016810553,-0.36970972245739353,-0.36970972245739353,0.006953474926582027,1.0
396000,1.4816349,2.0,26.77777777777778,-0.50495714,-0.01754389,-0.5499566010066441,-0.5499566010066441,0.005968550532790167,1.0
397000,1.481635,2.0,21.953488372093023,-0.5347953,-0.019262286,-0.6987172907049005,-0.6987172907049005,0.005401821280512112,1.0
398000,1.4816347,2.0,26.86111111111111,-0.51931053,-0.017615318,-0.489768922328949,-0.489768922328949,0.006289462248484294,1.0
399000,1.4816349,2.0,31.677419354838708,-0.50650704,-0.017575165,-0.4398245542280136,-0.4398245542280136,0.007463707573591701,1.0
400000,1.481635,2.0,25.0,-0.53497934,-0.019016916,-0.5854400223807285,-0.5854400223807285,0.005839387334785179,1.0
401000,1.4816347,2.0,29.424242424242426,-0.52711254,-0.016963745,-0.5053551829222477,-0.5053551829222477,0.006349235536728167,1.0
402000,1.4816347,2.0,26.10810810810811,-0.51278234,-0.017631073,-0.5927643534299489,-0.5927643534299489,0.005992917608268358,1.0
403000,1.4816347,2.0,25.289473684210527,-0.53855556,-0.016687904,-0.6088600213590422,-0.6088600213590422,0.0051207472830643195,1.0
404000,1.4816349,2.0,26.62162162162162,-0.5115821,-0.018605327,-0.543356696764628,-0.543356696764628,0.006293414241453219,1.0
405000,1.481635,2.0,26.428571428571427,-0.5209188,-0.01883305,-0.5599611368444231,-0.5599611368444231,0.005787490288235454,1.0
406000,1.4816349,2.0,29.818181818181817,-0.49857527,-0.017896416,-0.3564558047236818,-0.3564558047236818,0.007257695366261583,1.0
407000,1.4816349,2.0,25.13157894736842,-0.50545406,-0.018250993,-0.4337642373223054,-0.4337642373223054,0.005587274997531877,1.0
408000,1.4816351,2.0,32.93333333333333,-0.50199056,-0.01669037,-0.3978960474332174,-0.3978960474332174,0.0064729118719697,1.0
409000,1.4816349,2.0,31.566666666666666,-0.49008214,-0.01809863,-0.5140387078126272,-0.5140387078126272,0.006928812596015632,1.0
410000,1.4816347,2.0,25.68421052631579,-0.52310324,-0.020039305,-0.6127316057682037,-0.6127316057682037,0.005969482670096974,1.0
411000,1.4820194,2.0,30.727272727272727,-0.5010295,-0.018978715,-0.46295753214508295,-0.46295753214508295,0.006068079477699939,1.0
412000,1.4839317,2.0,35.15384615384615,-0.48495886,-0.020297226,-0.2611230148209466,-0.2611230148209466,0.007262063669730668,1.0
413000,1.4839317,2.0,28.285714285714285,-0.51367635,-0.020036057,-0.38595889125551497,-0.38595889125551497,0.006260977352836303,1.0
414000,1.4839317,2.0,29.28125,-0.5064043,-0.020246133,-0.6000537779182196,-0.6000537779182196,0.006038094543328043,1.0
415000,1.4839317,2.0,25.44736842105263,-0.50888294,-0.021091329,-0.6304905477323031,-0.6304905477323031,0.005818605059941642,1.0
416000,1.4839315,2.0,33.55172413793103,-0.4784988,-0.020267408,-0.25311868355191985,-0.25311868355191985,0.007689088285932767,1.0
417000,1.4839317,2.0,29.484848484848484,-0.521084,-0.020067366,-0.48394549615455396,-0.48394549615455396,0.005944737025085046,1.0
418000,1.4839317,2.0,28.176470588235293,-0.506137,-0.021101298,-0.5201717965743121,-0.5201717965743121,0.0061597748152802095,1.0
419000,1.4839318,2.0,26.833333333333332,-0.50074035,-0.020518444,-0.32612670958042145,-0.32612670958042145,0.005434186970685712,1.0
420000,1.4839318,2.0,29.90909090909091,-0.49560627,-0.020057548,-0.4313964012897376,-0.4313964012897376,0.00627822615911789,1.0
421000,1.4839318,2.0,24.657894736842106,-0.530685,-0.020451404,-0.5739389720715975,-0.5739389720715975,0.0052674279676897355,1.0
422000,1.4839314,2.0,29.636363636363637,-0.5182547,-0.019091502,-0.5298994291912426,-0.5298994291912426,0.006254830482331189,1.0
423000,1.4839317,2.0,28.38888888888889,-0.49252713,-0.020936055,-0.5378666950596703,-0.5378666950596703,0.005708892538677901,1.0
424000,1.4839318,2.0,25.97142857142857,-0.5096617,-0.021771777,-0.4692640355655125,-0.4692640355655125,0.005534545026187386,1.0
425000,1.4839317,2.0,29.235294117647058,-0.5024328,-0.020937528,-0.43627532965996685,-0.43627532965996685,0.006099939312073676,1.0
426000,1.4839315,2.0,29.647058823529413,-0.5004136,-0.02010559,-0.3359260992570357,-0.3359260992570357,0.00583559199885437,1.0
427000,1.4839315,2.0,28.64516129032258,-0.48647016,-0.01965225,-0.4213575469329953,-0.4213575469329953,0.0065245030891674105,1.0
428000,1.4839317,2.0,28.257142857142856,-0.5084293,-0.02114622,-0.4511714628764561,-0.4511714628764561,0.006427156758893813,1.0
429000,1.4839317,2.0,25.97222222222222,-0.49333715,-0.020236136,-0.47357113990518784,-0.47357113990518784,0.00548439948923058,1.0
430000,1.4839318,2.0,26.10810810810811,-0.5181371,-0.02096157,-0.6314183956867939,-0.6314183956867939,0.00535835069918854,1.0
431000,1.4840565,2.0,25.354166666666668,-0.50074756,-0.022962809,-0.5409810762656363,-0.5409810762656363,0.005527759804145286,1.0
432000,1.484748,2.0,29.68,-0.48424333,-0.021976389,-0.5028576885952669,-0.5028576885952669,0.005485055112170384,1.0
433000,1.4847481,2.0,29.272727272727273,-0.46639523,-0.024012344,-0.4248894540702595,-0.4248894540702595,0.006342075059793013,1.0
434000,1.4847479,2.0,27.142857142857142,-0.48147944,-0.023097703,-0.4362000397273472,-0.4362000397273472,0.005946342863275536,1.0
435000,1.4847482,2.0,28.029411764705884,-0.4566038,-0.022094749,-0.5263400340781492,-0.5263400340781492,0.005769293536158169,1.0
436000,1.4847481,2.0,29.424242424242426,-0.46138936,-0.023508584,-0.27767157193386194,-0.27767157193386194,0.006561365105550398,1.0
437000,1.484748,2.0,23.195121951219512,-0.4974416,-0.023057817,-0.6176634380003301,-0.6176634380003301,0.004706798067384559,1.0
438000,1.484748,2.0,30.5,-0.47176522,-0.022591654,-0.315231304615736,-0.315231304615736,0.006688890713121509,1.0
439000,1.484748,2.0,31.35483870967742,-0.4503612,-0.022722846,-0.34748003848137393,-0.34748003848137393,0.006646534311585128,1.0
440000,1.4847481,2.0,27.25,-0.47683752,-0.023608647,-0.48119782904783887,-0.48119782904783887,0.0060278785984135335,1.0
441000,1.484748,2.0,25.102564102564102,-0.48764312,-0.02326827,-0.46199285984039307,-0.46199285984039307,0.005350887441100218,1.0
442000,1.4847481,2.0,28.484848484848484,-0.46995303,-0.022816123,-0.3955903486772017,-0.3955903486772017,0.006616604465031714,1.0
443000,1.484748,2.0,28.91176470588235,-0.47899055,-0.021573398,-0.46668943938087015,-0.46668943938087015,0.005731240140876788,1.0
444000,1.484748,2.0,28.333333333333332,-0.46783304,-0.023833208,-0.41984246084184357,-0.41984246084184357,0.005823658676959123,1.0
445000,1.484748,2.0,26.135135135135137,-0.4774071,-0.023211207,-0.4197978707584175,-0.4197978707584175,0.005493151278839119,1.0
446000,1.4847481,2.0,27.805555555555557,-0.47926065,-0.022524975,-0.4288667051328553,-0.4288667051328553,0.005603175176980181,1.0
447000,1.4847481,2.0,25.4,-0.48267218,-0.023075545,-0.5951284444645831,-0.5951284444645831,0.00512535480849788,1.0
448000,1.4847481,2.0,27.0625,-0.48360044,-0.022580914,-0.3378588715020348,-0.3378588715020348,0.005706572710015976,1.0
449000,1.484748,2.0,31.03030303030303,-0.46144912,-0.022114828,-0.4600137937813997,-0.4600137937813997,0.006428650507587008,1.0
450000,1.4847481,2.0,27.818181818181817,-0.46850386,-0.022600947,-0.23663769048802993,-0.23663769048802993,0.006062691545059138,1.0
451000,1.4847482,2.0,26.685714285714287,-0.47729334,-0.023313059,-0.40847670369678074,-0.40847670369678074,0.005808237374165199,1.0
452000,1.4849799,2.0,30.794117647058822,-0.45209765,-0.024712704,-0.3148688059300184,-0.3148688059300184,0.006037168877810473,1.0
453000,1.4867709,2.0,26.84375,-0.45169443,-0.026653279,-0.48077375292778013,-0.48077375292778013,0.005691778164223901,1.0
454000,1.4867711,2.0,26.05263157894737,-0.45670283,-0.025462821,-0.3857084528396004,-0.3857084528396004,0.005304712529514769,1.0
455000,1.486771,2.0,30.933333333333334,-0.43559605,-0.024350602,-0.22802804112434388,-0.22802804112434388,0.006350415871323397,1.0
456000,1.4867711,2.0,26.16216216216216,-0.46229455,-0.026452428,-0.5028670575167682,-0.5028670575167682,0.005336978092059694,1.0
457000,1.4867711,2.0,26.56756756756757,-0.43068874,-0.025783118,-0.2761092282630302,-0.2761092282630302,0.005773361769152453,1.0
458000,1.4867709,2.0,32.758620689655174,-0.4147719,-0.024760602,-0.002467654902359535,-0.002467654902359535,0.00700658968055685,1.0
459000,1.4867709,2.0,27.685714285714287,-0.47188956,-0.025889726,-0.610418312890189,-0.610418312890189,0.005985042181730803,1.0
460000,1.4867709,2.0,28.38235294117647,-0.46028614,-0.024915837,-0.38944944564033956,-0.38944944564033956,0.005795835715937702,1.0
461000,1.4867709,2.0,28.58823529411765,-0.44453073,-0.027017875,-0.25401298614109263,-0.25401298614109263,0.0059086782549617484,1.0
462000,1.4867709,2.0,30.838709677419356,-0.44748116,-0.02430529,-0.29075487775187336,-0.29075487775187336,0.006145228136090502,1.0
463000,1.486771,2.0,23.0,-0.47507268,-0.027053501,-0.5534876499857221,-0.5534876499857221,0.004816430371387729,1.0
464000,1.486771,2.0,28.939393939393938,-0.44024444,-0.024701739,-0.37360358062912435,-0.37360358062912435,0.005876142011188409,1.0
465000,1.4867709,2.0,31.09090909090909,-0.44940788,-0.025352888,-0.3441787902265787,-0.3441787902265787,0.006154342507215915,1.0
466000,1.4867709,2.0,26.147058823529413,-0.45775992,-0.02611109,-0.3962149041039603,-0.3962149041039603,0.0058987744019499844,1.0
467000,1.4867711,2.0,26.35135135135135,-0.4506068,-0.025068857,-0.38391897001781977,-0.38391897001781977,0.005470647523808922,1.0
468000,1.4867709,2.0,29.272727272727273,-0.44704735,-0.025015663,-0.3405358014684735,-0.3405358014684735,0.00600788621655242,1.0
469000,1.4867709,2.0,25.89189189189189,-0.46382114,-0.02599084,-0.4591243557027868,-0.4591243557027868,0.005471695148436403,1.0
470000,1.4867709,2.0,27.685714285714287,-0.44292974,-0.024399033,-0.46844004052025934,-0.46844004052025934,0.00544536631288273,1.0
471000,1.4867709,2.0,27.742857142857144,-0.45472828,-0.026441745,-0.4588891787188394,-0.4588891787188394,0.005865423943448279,1.0
472000,1.486881,2.0,23.666666666666668,-0.45637274,-0.02754427,-0.6054790243506432,-0.6054790243506432,0.004963439435232431,1.0
473000,1.489663,2.0,24.46875,-0.4467066,-0.029322084,-0.5538410313427449,-0.5538410313427449,0.004894033800519537,1.0
474000,1.4896631,2.0,28.41176470588235,-0.3927909,-0.029926531,-0.41424356663928313,-0.41424356663928313,0.005201343974262914,1.0
475000,1.489663,2.0,34.464285714285715,-0.38568777,-0.028306995,-0.23798005495752608,-0.23798005495752608,0.006692970437662942,1.0
476000,1.4896631,2.0,28.0,-0.40874544,-0.03000478,-0.4810205936431885,-0.4810205936431885,0.005487728887237609,1.0
477000,1.4896631,2.0,30.303030303030305,-0.39032137,-0.028584573,-0.08729006163775921,-0.08729006163775921,0.00614762071199948,1.0
478000,1.489663,2.0,26.852941176470587,-0.38534766,-0.027976375,-0.27973947865622384,-0.27973947865622384,0.005339161486231855,1.0
479000,1.489663,2.0,31.59375,-0.3918965,-0.02941031,-0.17729166053956555,-0.17729166053956555,0.006784215565740822,1.0
480000,1.489663,2.0,30.70967741935484,-0.39297995,-0.028553972,-0.1023510213821165,-0.1023510213821165,0.006184894475154579,1.0
481000,1.4896631,2.0,26.942857142857143,-0.40985382,-0.030590348,-0.5314044836494658,-0.5314044836494658,0.005973680973208199,1.0
482000,1.489663,2.0,28.88235294117647,-0.41765764,-0.028989518,-0.32062186978080054,-0.32062186978080054,0.005594237931566595,1.0
483000,1.4896632,2.0,30.09375,-0.39808857,-0.029249424,-0.2591273296963085,-0.2591273296963085,0.0057701883611805515,1.0
484000,1.489663,2.0,32.233333333333334,-0.39664975,-0.028448056,-0.11268139680226644,-0.11268139680226644,0.0057953141125229495,1.0
485000,1.4896629,2.0,31.032258064516128,-0.4014733,-0.028261105,-0.2403497157558318,-0.2403497157558318,0.006335978377460231,1.0
486000,1.4896629,2.0,30.727272727272727,-0.3991494,-0.028599303,-0.12198130413889885,-0.12198130413889885,0.006650818017078564,1.0
487000,1.4896629,2.0,26.757575757575758,-0.40599063,-0.030421587,-0.37901831695011684,-0.37901831695011684,0.005480306558976216,1.0
488000,1.4896629,2.0,33.41379310344828,-0.4005878,-0.027822454,-0.19305936838018484,-0.19305936838018484,0.006391317981038371,1.0
489000,1.4896629,2.0,28.38235294117647,-0.4199787,-0.02952048,-0.24870004373438218,-0.24870004373438218,0.0056252438465462015,1.0
490000,1.4896629,2.0,29.575757575757574,-0.40909624,-0.029338546,-0.24573580965851294,-0.24573580965851294,0.006165004278900045,1.0
491000,1.4896629,2.0,28.11764705882353,-0.40217707,-0.029448703,-0.27367770233575034,-0.27367770233575034,0.005896265858181697,1.0
492000,1.489663,2.0,26.08108108108108,-0.41281974,-0.029234119,-0.47935139166342244,-0.47935139166342244,0.005056599133043877,1.0
493000,1.490067,2.0,28.333333333333332,-0.37810442,-0.032449067,-0.4291326105594635,-0.4291326105594635,0.005079520008127604,1.0
494000,1.4912058,2.0,30.633333333333333,-0.3528172,-0.030838419,-0.38778455795780303,-0.38778455795780303,0.0054627715519839715,1.0
495000,1.4912058,2.0,26.916666666666668,-0.38474852,-0.03253454,-0.3160855935679542,-0.3160855935679542,0.0051247734776956756,1.0
496000,1.4912058,2.0,25.68421052631579,-0.3913898,-0.032691002,-0.39835896202035853,-0.39835896202035853,0.004964765315447506,1.0
497000,1.491206,2.0,27.457142857142856,-0.3807856,-0.033457167,-0.38176004257467056,-0.38176004257467056,0.005076936303844882,1.0
498000,1.4912058,2.0,32.266666666666666,-0.35153207,-0.033597026,-0.20169339577356973,-0.20169339577356973,0.006493067644381275,1.0
499000,1.491206,2.0,34.285714285714285,-0.33279172,-0.030061563,-0.2775729149580002,-0.2775729149580002,0.006449676675921572,1.0
500000,1.491206,2.0,30.9375,-0.35328615,-0.031488813,-0.19284504652023315,-0.19284504652023315,0.0060770285526814405,1.0
501000,1.491206,2.0,28.757575757575758,-0.3497112,-0.03237476,-0.2528945966200395,-0.2528945966200395,0.005693054225324004,1.0
502000,1.491206,2.0,26.18421052631579,-0.35319147,-0.033494025,-0.3188886779385644,-0.3188886779385644,0.005045950060357919,1.0
503000,1.491206,2.0,33.642857142857146,-0.36308408,-0.032030635,-0.2502717786821826,-0.2502717786821826,0.006362534501461376,1.0
504000,1.4912058,2.0,31.21212121212121,-0.35158592,-0.032415546,-0.23795254714787006,-0.23795254714787006,0.005879046253539855,1.0
505000,1.4912059,2.0,29.032258064516128,-0.36702695,-0.033585183,-0.3179200552403927,-0.3179200552403927,0.0059742284975072835,1.0
506000,1.4912058,2.0,27.571428571428573,-0.36125764,-0.031012017,-0.28515890325818744,-0.28515890325818744,0.004720981292692678,1.0
507000,1.491206,2.0,28.61764705882353,-0.35464492,-0.032712564,-0.237384755821789,-0.237384755821789,0.0060137905803618625,1.0
508000,1.4912059,2.0,30.0625,-0.3615442,-0.03300482,-0.34656628780066967,-0.34656628780066967,0.005798602807772113,1.0
509000,1.491206,2.0,28.323529411764707,-0.37135598,-0.03241336,-0.4014541629482718,-0.4014541629482718,0.005276524105711895,1.0
510000,1.4912058,2.0,29.235294117647058,-0.36799535,-0.031949513,-0.41470003829282875,-0.41470003829282875,0.005833334303187097,1.0
511000,1.4912058,2.0,27.91176470588235,-0.36963952,-0.033621453,-0.3629165046355304,-0.3629165046355304,0.00578911867855555,1.0
512000,1.4912058,2.0,30.75,-0.36491916,-0.031162243,-0.2174663059413433,-0.2174663059413433,0.00610321090061916,1.0
513000,1.4912624,2.0,26.148936170212767,-0.37481844,-0.033397302,-0.3546263303075518,-0.3546263303075518,0.0053494425490498545,1.0
514000,1.4929368,2.0,31.136363636363637,-0.345052,-0.037897803,-0.45174121593727784,-0.45174121593727784,0.0054687632021822915,1.0
515000,1.492937,2.0,27.914285714285715,-0.33316198,-0.03732056,-0.29733651876449585,-0.29733651876449585,0.0050725855296203754,1.0
516000,1.492937,2.0,24.894736842105264,-0.36478108,-0.038526267,-0.42573334926213974,-0.42573334926213974,0.0043958388448048094,1.0
517000,1.492937,2.0,29.78787878787879,-0.335734,-0.037796654,-0.3470970085172942,-0.3470970085172942,0.005371232442981141,1.0
518000,1.4929371,2.0,29.02857142857143,-0.33187324,-0.037374604,-0.31289063131108,-0.31289063131108,0.004930220403955044,1.0
519000,1.492937,2.0,31.03448275862069,-0.3584716,-0.039673872,-0.30651070674260456,-0.30651070674260456,0.006111378432251513,1.0
520000,1.492937,2.0,31.419354838709676,-0.31031382,-0.036982592,-0.12886199643534998,-0.12886199643534998,0.005364768536603679,1.0
521000,1.492937,2.0,30.4375,-0.34321278,-0.03743273,-0.23076129704713821,-0.23076129704713821,0.005324147587089101,1.0
522000,1.4929368,2.0,27.228571428571428,-0.3744252,-0.039292507,-0.31535775831767493,-0.31535775831767493,0.005497106766727354,1.0
523000,1.4929368,2.0,27.942857142857143,-0.33712125,-0.039644282,-0.2816811568207211,-0.2816811568207211,0.00525359145184565,1.0
524000,1.492937,2.0,28.696969696969695,-0.33960214,-0.038487613,-0.22693338177420877,-0.22693338177420877,0.0056323328365882235,1.0
525000,1.492937,2.0,27.142857142857142,-0.35987958,-0.038088184,-0.39222404786518644,-0.39222404786518644,0.005076335057882326,1.0
526000,1.492937,2.0,27.771428571428572,-0.34122133,-0.038336404,-0.35735660110201156,-0.35735660110201156,0.005218515182579203,1.0
527000,1.4929371,2.0,32.333333333333336,-0.32969534,-0.03664178,-0.0818014125029246,-0.0818014125029246,0.0059230227100973325,1.0
528000,1.492937,2.0,34.392857142857146,-0.2941994,-0.035426654,-0.03704863360949925,-0.03704863360949925,0.005982379828180585,1.0
529000,1.492937,2.0,31.09090909090909,-0.3509546,-0.038351588,-0.31021754816174507,-0.31021754816174507,0.006039773939846782,1.0
530000,1.4929368,2.0,31.689655172413794,-0.3076082,-0.038195327,-0.14493606487909952,-0.14493606487909952,0.006458297123511632,1.0
531000,1.492937,2.0,26.894736842105264,-0.34699532,-0.037667014,-0.42247029736235336,-0.42247029736235336,0.004522856177032195,1.0
532000,1.492937,2.0,28.96875,-0.33381793,-0.03648739,-0.258532161062414,-0.258532161062414,0.0057586433955073135,1.0
533000,1.492937,2.0,27.742857142857144,-0.3484938,-0.036918372,-0.3263200470379421,-0.3263200470379421,0.004657171383899238,1.0
534000,1.4936441,2.0,26.513513513513512,-0.33750412,-0.0416916,-0.47213624458055237,-0.47213624458055237,0.004726203926209663,1.0
535000,1.4949181,2.0,28.71875,-0.28702414,-0.04382386,-0.30901629850268364,-0.30901629850268364,0.005323503093677573,1.0
536000,1.4949182,2.0,30.03030303030303,-0.29721442,-0.04289712,-0.10081756208091974,-0.10081756208091974,0.005724892068428744,1.0
537000,1.494918,2.0,26.11111111111111,-0.33361462,-0.04429493,-0.3607849059878169,-0.3607849059878169,0.004606884901059439,1.0
538000,1.4949181,2.0,28.942857142857143,-0.30894446,-0.04177661,-0.31638062596321104,-0.31638062596321104,0.004880052731771554,1.0
539000,1.4949182,2.0,28.875,-0.29492283,-0.041736238,-0.09915005601942539,-0.09915005601942539,0.0054506941996805836,1.0
540000,1.4949179,2.0,25.025641025641026,-0.3175979,-0.043182097,-0.4666677285463382,-0.4666677285463382,0.004362773117370522,1.0
541000,1.4949181,2.0,30.64516129032258,-0.28398654,-0.04062039,-0.05537554141013853,-0.05537554141013853,0.005504083755846706,1.0
542000,1.494918,2.0,27.77777777777778,-0.30132878,-0.04418731,-0.3425678213437398,-0.3425678213437398,0.0050845760399372214,1.0
543000,1.4949181,2.0,31.666666666666668,-0.29654023,-0.04182865,-0.18682405749956768,-0.18682405749956768,0.005746780021581799,1.0
544000,1.4949182,2.0,25.81081081081081,-0.32626835,-0.042971622,-0.4606605752094372,-0.4606605752094372,0.004359144663966789,1.0
545000,1.4949182,2.0,31.64516129032258,-0.29598418,-0.042799957,-0.1493265119291121,-0.1493265119291121,0.006034360019369952,1.0
546000,1.4949182,2.0,28.529411764705884,-0.28486457,-0.042000134,-0.21826827876708088,-0.21826827876708088,0.0049917720265083895,1.0
547000,1.4949182,2.0,28.264705882352942,-0.2856335,-0.0424418,-0.19230593390324535,-0.19230593390324535,0.005380745377966806,1.0
548000,1.4949179,2.0,28.176470588235293,-0.32638034,-0.042784598,-0.38642474132425647,-0.38642474132425647,0.005216072861324339,1.0
549000,1.4949181,2.0,32.32258064516129,-0.2779002,-0.04266257,-0.10290716155882805,-0.10290716155882805,0.005831166741348082,1.0
550000,1.4949182,2.0,28.545454545454547,-0.31156105,-0.043868408,-0.2597636833335414,-0.2597636833335414,0.005507246446513543,1.0
551000,1.4949182,2.0,27.257142857142856,-0.30540287,-0.042415753,-0.19476690803255353,-0.19476690803255353,0.0047138785760450575,1.0
552000,1.4949182,2.0,28.735294117647058,-0.30756852,-0.04537393,-0.19681582486990726,-0.19681582486990726,0.005747817474360944,1.0
553000,1.4949181,2.0,28.727272727272727,-0.28744224,-0.043821424,-0.17692593791905573,-0.17692593791905573,0.005336992031730273,1.0
554000,1.4949628,2.0,29.4,-0.30933964,-0.044786982,-0.2583588325616085,-0.2583588325616085,0.005408824305050075,1.0
555000,1.4956433,2.0,30.363636363636363,-0.27706438,-0.04778956,-0.39429768919944763,-0.39429768919944763,0.004893697270959178,1.0
556000,1.4956434,2.0,34.892857142857146,-0.22274983,-0.04621428,0.20517278143337794,0.20517278143337794,0.006173013310347285,1.0
557000,1.4956434,2.0,26.88235294117647,-0.29549277,-0.050428122,-0.23055299415307887,-0.23055299415307887,0.0054097070310757875,1.0
558000,1.4956431,2.0,34.0,-0.21137108,-0.045309726,0.09990613008367605,0.09990613008367605,0.005347932444018279,1.0
559000,1.4956434,2.0,31.633333333333333,-0.26297477,-0.04962476,-0.04897339741388957,-0.04897339741388957,0.005763610627036541,1.0
560000,1.4956433,2.0,30.21875,-0.2621823,-0.047989324,-0.21099130529910326,-0.21099130529910326,0.005311863798851846,1.0
561000,1.4956434,2.0,31.096774193548388,-0.25570077,-0.04787878,-0.07031619164251512,-0.07031619164251512,0.005871066793559059,1.0
562000,1.4956431,2.0,27.083333333333332,-0.30686373,-0.049502585,-0.5139667060640123,-0.5139667060640123,0.005216802835800788,1.0
563000,1.4956434,2.0,31.258064516129032,-0.25809565,-0.048058838,-0.18071748556629305,-0.18071748556629305,0.005434667567662414,1.0
564000,1.4956434,2.0,29.03030303030303,-0.29980832,-0.04941449,-0.37620853474645904,-0.37620853474645904,0.005362063900313594,1.0
565000,1.4956431,2.0,26.56756756756757,-0.27668098,-0.05095378,-0.4237081360172581,-0.4237081360172581,0.0049275698933146286,1.0
566000,1.4956434,2.0,32.266666666666666,-0.24097075,-0.047290582,-0.16674538453420004,-0.16674538453420004,0.005320483911782503,1.0
567000,1.4956434,2.0,30.741935483870968,-0.22795771,-0.047702126,0.01690574038413263,0.01690574038413263,0.00562351223291649,1.0
568000,1.4956431,2.0,24.0,-0.30221072,-0.050067138,-0.5318670257925987,-0.5318670257925987,0.004466940599377267,1.0
569000,1.4956434,2.0,32.5,-0.26702863,-0.047450405,-0.15120272636413573,-0.15120272636413573,0.005762738866421083,1.0
570000,1.4956433,2.0,27.72222222222222,-0.27459443,-0.047421135,-0.3170311542020904,-0.3170311542020904,0.004465609594869117,1.0
571000,1.4956434,2.0,32.93103448275862,-0.2829113,-0.048348006,-0.07659867097591531,-0.07659867097591531,0.00607840817999737,1.0
572000,1.4956433,2.0,27.571428571428573,-0.28319025,-0.04945626,-0.3223634651729039,-0.3223634651729039,0.005063380001645003,1.0
573000,1.4956434,2.0,32.225806451612904,-0.25795832,-0.047682967,-0.02425873080889384,-0.02425873080889384,0.005882173749463012,1.0
574000,1.4956433,2.0,27.11764705882353,-0.2994724,-0.049686957,-0.3257166181291853,-0.3257166181291853,0.005015081972149866,1.0
575000,1.4956611,2.0,28.11764705882353,-0.28785264,-0.05247335,-0.4183553299483131,-0.4183553299483131,0.005116089034880347,1.0
576000,1.4957724,2.0,28.58823529411765,-0.25066307,-0.050807025,-0.23367181332672343,-0.23367181332672343,0.004878021817763939,1.0
577000,1.4957725,2.0,31.454545454545453,-0.22863771,-0.051209923,-0.05089167817946403,-0.05089167817946403,0.005280963990146354,1.0
578000,1.4957724,2.0,26.205882352941178,-0.28181708,-0.054104365,-0.43435004187954795,-0.43435004187954795,0.0047241397227885,1.0
579000,1.4957725,2.0,32.46666666666667,-0.23718621,-0.051620796,-0.04206273158391317,-0.04206273158391317,0.005322261352557689,1.0
580000,1.4957725,2.0,27.216216216216218,-0.2531382,-0.05178199,-0.37697670691543156,-0.37697670691543156,0.004598369175154302,1.0
581000,1.4957726,2.0,29.580645161290324,-0.22940446,-0.05159332,-0.24119754880666733,-0.24119754880666733,0.004898503364529461,1.0
582000,1.4957726,2.0,28.4,-0.23727861,-0.051542338,-0.2538000532558986,-0.2538000532558986,0.0049042525235563515,1.0
583000,1.4957726,2.0,30.903225806451612,-0.22215505,-0.050600987,0.0017663913388406077,0.0017663913388406077,0.005424704770707796,1.0
584000,1.4957725,2.0,26.916666666666668,-0.262598,-0.051844887,-0.17182338568899366,-0.17182338568899366,0.004432096095923852,1.0
585000,1.4957724,2.0,30.15625,-0.23411876,-0.051386394,-0.16706504859030247,-0.16706504859030247,0.005506180619704537,1.0
586000,1.4957725,2.0,29.625,-0.24794535,-0.051607117,-0.19819755014032125,-0.19819755014032125,0.005181260843528435,1.0
587000,1.4957726,2.0,27.27777777777778,-0.26641166,-0.052932713,-0.2679678234789107,-0.2679678234789107,0.004598223426405134,1.0
588000,1.4957724,2.0,27.885714285714286,-0.25097942,-0.05080731,-0.3264823147228786,-0.3264823147228786,0.004727761041639107,1.0
589000,1.4957725,2.0,36.46153846153846,-0.20144545,-0.051443703,0.19234606394400963,0.19234606394400963,0.006648094312717708,1.0
590000,1.4957725,2.0,30.15625,-0.25421828,-0.052504532,-0.3059225492179394,-0.3059225492179394,0.004955802149197552,1.0
591000,1.4957724,2.0,29.37142857142857,-0.24508463,-0.050948568,-0.31469769512905793,-0.31469769512905793,0.004653007687439266,1.0
592000,1.4957726,2.0,28.12121212121212,-0.25120792,-0.0503019,-0.26261651515960693,-0.26261651515960693,0.004841681727317765,1.0
593000,1.4957725,2.0,29.03030303030303,-0.25625008,-0.05122258,-0.3055612553249706,-0.3055612553249706,0.004921903752608959,1.0
594000,1.4957724,2.0,24.641025641025642,-0.2784766,-0.052991364,-0.42667798201243085,-0.42667798201243085,0.004420038652964509,1.0
595000,1.495774,2.0,30.902439024390244,-0.20191911,-0.05095684,-0.11462005376815795,-0.11462005376815795,0.005365801924684396,1.0
596000,1.4954451,2.0,29.125,-0.25804722,-0.055292837,-0.15793300025603352,-0.15793300025603352,0.00466224190655767,1.0
597000,1.4954451,2.0,26.555555555555557,-0.28025833,-0.0558985,-0.3674270720095248,-0.3674270720095248,0.004492044901928386,1.0
598000,1.4954451,2.0,32.3448275862069,-0.20082173,-0.052277617,-0.12314075026018866,-0.12314075026018866,0.005162008841329351,1.0
599000,1.4954451,2.0,27.72222222222222,-0.26650354,-0.054713074,-0.22252337137858072,-0.22252337137858072,0.0044632697083418155,1.0
600000,1.4954451,2.0,30.032258064516128,-0.2438205,-0.05407715,-0.22302069779365294,-0.22302069779365294,0.00506389545907657,1.0
601000,1.4954451,2.0,35.892857142857146,-0.22329041,-0.054711938,-0.10944007975714547,-0.10944007975714547,0.005941230637420501,1.0
602000,1.4954451,2.0,25.916666666666668,-0.2408437,-0.05495431,-0.42032558884885574,-0.42032558884885574,0.0042291448690876775,1.0
603000,1.4954451,2.0,33.2,-0.23454233,-0.054972,-0.09101072748502095,-0.09101072748502095,0.0054782166883038975,1.0
604000,1.4954451,2.0,27.970588235294116,-0.233733,-0.056919,-0.34126827120780945,-0.34126827120780945,0.004647737396333148,1.0
605000,1.4954451,2.0,32.666666666666664,-0.21550941,-0.054152288,0.09174525936444601,0.09174525936444601,0.005184574572679897,1.0
606000,1.4954451,2.0,25.5,-0.24314407,-0.054189444,-0.35559898850164917,-0.35559898850164917,0.004054735180321394,1.0
607000,1.4954451,2.0,28.333333333333332,-0.23785247,-0.05549636,-0.027306730096990414,-0.027306730096990414,0.00462019041349942,1.0
608000,1.4954451,2.0,29.78787878787879,-0.2250344,-0.05445664,-0.049276416951959785,-0.049276416951959785,0.005071613445497033,1.0
609000,1.495445,2.0,30.4375,-0.22974837,-0.054250173,-0.29900879599153996,-0.29900879599153996,0.004978055312676588,1.0
610000,1.4954451,2.0,24.974358974358974,-0.23889239,-0.05497153,-0.3736420839260786,-0.3736420839260786,0.0039411265498552565,1.0
611000,1.4954451,2.0,27.470588235294116,-0.26386413,-0.05475981,-0.34307535080348744,-0.34307535080348744,0.004728263192673159,1.0
612000,1.4954451,2.0,31.64516129032258,-0.24750982,-0.054824583,-0.20729553603356884,-0.20729553603356884,0.005506390138649412,1.0
613000,1.4954451,2.0,33.5,-0.24185038,-0.055685297,-0.09184006884180267,-0.09184006884180267,0.005562868306477522,1.0
614000,1.4954451,2.0,29.483870967741936,-0.2421624,-0.05519618,-0.16909823273167465,-0.16909823273167465,0.004744276598406334,1.0
615000,1.4954451,2.0,32.5,-0.22764356,-0.053446673,-0.07677606344223023,-0.07677606344223023,0.005706718261353672,1.0
616000,1.4955795,2.0,30.21875,-0.24252611,-0.05604595,-0.2674438003450632,-0.2674438003450632,0.004486909190745791,1.0
617000,1.4968187,2.0,29.363636363636363,-0.21384528,-0.05744228,0.0194035732384884,0.0194035732384884,0.004972637886760022,1.0
618000,1.4968187,2.0,28.11764705882353,-0.22336881,-0.056204256,-0.21971533053061543,-0.21971533053061543,0.004489826404845671,1.0
619000,1.4968187,2.0,27.47222222222222,-0.2395975,-0.05842838,-0.24486560291714138,-0.24486560291714138,0.004344605740496061,1.0
620000,1.4968187,2.0,28.818181818181817,-0.24251227,-0.059644546,-0.22838066202221494,-0.22838066202221494,0.004753212634982033,1.0
621000,1.4968187,2.0,30.242424242424242,-0.23402044,-0.0574824,-0.22011762315576727,-0.22011762315576727,0.004424086433242668,1.0
622000,1.4968187,2.0,29.375,-0.25839505,-0.05973111,-0.28627754747867584,-0.28627754747867584,0.004868419608101249,1.0
623000,1.4968187,2.0,33.827586206896555,-0.21025673,-0.055244494,-0.01768420071437441,-0.01768420071437441,0.005036421613928316,1.0
624000,1.4968187,2.0,27.942857142857143,-0.2663013,-0.058464874,-0.3287783282143729,-0.3287783282143729,0.004306368982153279,1.0
625000,1.4968187,2.0,31.15625,-0.26140764,-0.058629986,-0.14966714958990773,-0.14966714958990773,0.004578239117343459,1.0
626000,1.4968187,2.0,30.366666666666667,-0.24728477,-0.058219347,-0.11547232635559575,-0.11547232635559575,0.005056449403655866,1.0
627000,1.4968187,2.0,28.558823529411764,-0.250608,-0.05824886,-0.19144592740956476,-0.19144592740956476,0.004877168115105151,1.0
628000,1.4968187,2.0,27.742857142857144,-0.26182267,-0.059235,-0.2805246191365378,-0.2805246191365378,0.0044773262526307785,1.0
629000,1.4968187,2.0,24.5609756097561,-0.26783967,-0.05910047,-0.4867440342903137,-0.4867440342903137,0.003543717015418224,1.0
630000,1.4968187,2.0,25.942857142857143,-0.2482578,-0.057555158,-0.3276289287540648,-0.3276289287540648,0.004223083666551651,1.0
631000,1.4968187,2.0,29.21212121212121,-0.24253678,-0.057904318,-0.1182424733133027,-0.1182424733133027,0.004358493592448984,1.0
632000,1.4968187,2.0,30.15625,-0.25757477,-0.057841867,-0.19646755792200565,-0.19646755792200565,0.004540603827990708,1.0
633000,1.4968187,2.0,29.352941176470587,-0.24260026,-0.05874498,-0.033272784767728866,-0.033272784767728866,0.004764202555331091,1.0
634000,1.4968187,2.0,28.941176470588236,-0.2733439,-0.060648885,-0.32460575444357737,-0.32460575444357737,0.004532389572289373,1.0
635000,1.4968187,2.0,29.78787878787879,-0.22917847,-0.058405623,-0.1807825407013297,-0.1807825407013297,0.004986294479749631,1.0
636000,1.4969355,2.0,25.574468085106382,-0.2602231,-0.060457513,-0.3177611496713426,-0.3177611496713426,0.004339607739691726,1.0
637000,1.4991165,2.0,22.4,-0.29525715,-0.062894136,-0.4752880295117696,-0.4752880295117696,0.003448019554424617,1.0
638000,1.4991165,2.0,29.0,-0.25771448,-0.06066242,-0.16800521458348922,-0.16800521458348922,0.004654872080972118,1.0
639000,1.4991167,2.0,29.727272727272727,-0.23092595,-0.0611423,-0.16505580959898053,-0.16505580959898053,0.004677422316462705,1.0
640000,1.4991164,2.0,27.457142857142856,-0.24590078,-0.061900787,-0.2788926158632551,-0.2788926158632551,0.004636209271848202,1.0
641000,1.4991167,2.0,36.88461538461539,-0.2335514,-0.060694035,0.03315992080248319,0.03315992080248319,0.005061847292101727,1.0
642000,1.4991164,2.0,29.666666666666668,-0.2431743,-0.06169624,-0.21717095736301306,-0.21717095736301306,0.004685314202850515,1.0
643000,1.4991167,2.0,32.32258064516129,-0.22115885,-0.060270015,-0.08724144306676142,-0.08724144306676142,0.005111425171670471,1.0
644000,1.4991167,2.0,31.06451612903226,-0.22806223,-0.061932426,-0.13479399861711444,-0.13479399861711444,0.004549477785599955,1.0
645000,1.4991167,2.0,28.424242424242426,-0.23178533,-0.061559156,-0.0965976281599565,-0.0965976281599565,0.00449482481009468,1.0
646000,1.4991164,2.0,31.548387096774192,-0.22706538,-0.061243065,-0.18603748083114624,-0.18603748083114624,0.004916098205402734,1.0
647000,1.4991167,2.0,31.8,-0.24282514,-0.060933374,-0.08718274037043254,-0.08718274037043254,0.004848642278617869,1.0
648000,1.4991167,2.0,32.0,-0.22128442,-0.06173895,-0.1424697349148412,-0.1424697349148412,0.005039665648984092,1.0
649000,1.4991167,2.0,25.63888888888889,-0.2695436,-0.062452607,-0.3041849023586995,-0.3041849023586995,0.004284370898243946,1.0
650000,1.4991167,2.0,29.058823529411764,-0.25114477,-0.06343082,-0.3032873200647759,-0.3032873200647759,0.004236643511279853,1.0
651000,1.4991167,2.0,31.6,-0.23922588,-0.06211681,-0.12776908374601795,-0.12776908374601795,0.005075454081018125,1.0
652000,1.4991165,2.0,31.096774193548388,-0.22895716,-0.06177869,-0.06359232337244096,-0.06359232337244096,0.0052539084872771655,1.0
653000,1.4991167,2.0,30.8125,-0.24781223,-0.06225442,-0.17125755921006203,-0.17125755921006203,0.004899436544292257,1.0
654000,1.4991165,2.0,33.36666666666667,-0.24234061,-0.06267677,-0.20700005210679154,-0.20700005210679154,0.0051707072376177225,1.0
655000,1.4991167,2.0,29.806451612903224,-0.26437533,-0.06254506,-0.11335381679236889,-0.11335381679236889,0.004637797377654351,1.0
656000,1.4991165,2.0,24.81578947368421,-0.2714031,-0.0620961,-0.3125097858600127,-0.3125097858600127,0.0037388479581866893,1.0
657000,1.4992101,2.0,30.5,-0.22893557,-0.06512927,-0.20788255333900452,-0.20788255333900452,0.004519608100963524,1.0
658000,1.4995462,2.0,27.057142857142857,-0.24178909,-0.06600216,-0.28588918447494505,-0.28588918447494505,0.004081571765709668,1.0
659000,1.4995462,2.0,26.88888888888889,-0.25578678,-0.068635866,-0.3335767082042164,-0.3335767082042164,0.004339058188230006,1.0
660000,1.4995462,2.0,31.096774193548388,-0.23891765,-0.06649335,-0.20432254299521446,-0.20432254299521446,0.004646852881705854,1.0
661000,1.4995462,2.0,27.441176470588236,-0.2423357,-0.068323486,-0.332002390833462,-0.332002390833462,0.004338194165885558,1.0
662000,1.4995462,2.0,28.0,-0.22296134,-0.066729136,-0.29597718715667726,-0.29597718715667726,0.004300418830410178,1.0
663000,1.4995462,2.0,31.1875,-0.1957249,-0.06524128,-0.08240909730234454,-0.08240909730234454,0.004905717111297793,1.0
664000,1.4995462,2.0,27.647058823529413,-0.22389522,-0.065694906,-0.16152691841125488,-0.16152691841125488,0.003908697961430465,1.0
665000,1.4995462,2.0,32.064516129032256,-0.2013532,-0.06535426,-0.026026259208547658,-0.026026259208547658,0.00506389915846802,1.0
666000,1.4995462,2.0,29.03030303030303,-0.23400189,-0.067550085,-0.21176691055297853,-0.21176691055297853,0.004476433300546237,1.0
667000,1.4995462,2.0,30.607142857142858,-0.24593794,-0.067983456,-0.19260908903614168,-0.19260908903614168,0.00515716239404414,1.0
668000,1.4995462,2.0,31.70967741935484,-0.21185942,-0.06354118,-0.12695361337354105,-0.12695361337354105,0.004171195943208952,1.0
669000,1.4995462,2.0,31.866666666666667,-0.20104346,-0.063885525,0.024146600564320882,0.024146600564320882,0.004857792468586316,1.0
670000,1.4995462,2.0,31.65625,-0.2098076,-0.06625278,-0.197138799354434,-0.197138799354434,0.0052868178972858,1.0
671000,1.4995462,2.0,32.03448275862069,-0.20525156,-0.06636018,-0.21430626819873677,-0.21430626819873677,0.005155434791833676,1.0
672000,1.4995462,2.0,31.0625,-0.21795928,-0.06535136,-0.09116505458950996,-0.09116505458950996,0.004639291462808615,1.0
673000,1.4995462,2.0,33.714285714285715,-0.21912195,-0.06357125,-0.12619721463748387,-0.12619721463748387,0.004724061594710552,1.0
674000,1.4995462,2.0,33.41379310344828,-0.19829458,-0.06530937,0.06338751521603815,0.06338751521603815,0.005023190398411504,1.0
675000,1.4995462,2.0,34.172413793103445,-0.22528233,-0.06465005,-0.029127206121172224,-0.029127206121172224,0.005596786841384268,1.0
676000,1.4995462,2.0,31.933333333333334,-0.23605601,-0.0672165,-0.1292994080051299,-0.1292994080051299,0.004911037173212295,1.0
677000,1.4995823,2.0,26.0,-0.23234113,-0.06869089,-0.31691781679789227,-0.31691781679789227,0.0043041286084594,1.0
678000,1.500685,2.0,34.18181818181818,-0.20484568,-0.06867036,-0.12214973665052845,-0.12214973665052845,0.00485561233043911,1.0
679000,1.500685,2.0,29.0,-0.21747105,-0.06893207,-0.097377031138449,-0.097377031138449,0.004416909157016286,1.0
680000,1.5006849,2.0,32.6551724137931,-0.22895333,-0.0696809,-0.10778139233589172,-0.10778139233589172,0.0054049904070173705,1.0
681000,1.5006849,2.0,29.852941176470587,-0.23958367,-0.071443215,-0.1886400453972094,-0.1886400453972094,0.004570045049838496,1.0
682000,1.5006849,2.0,30.967741935483872,-0.2105416,-0.068237424,-0.10837005823850632,-0.10837005823850632,0.004482879739953205,1.0
683000,1.500685,2.0,26.54054054054054,-0.23708971,-0.06892119,-0.3679567045635647,-0.3679567045635647,0.003858067300623386,1.0
684000,1.500685,2.0,29.4375,-0.22667868,-0.06935439,-0.09242914481596513,-0.09242914481596513,0.004757269811252076,1.0
685000,1.500685,2.0,28.8,-0.23367895,-0.06940201,-0.2823035857256721,-0.2823035857256721,0.004720927356495796,1.0
686000,1.5006849,2.0,29.129032258064516,-0.24557477,-0.06923639,-0.18761380016803741,-0.18761380016803741,0.0044328648000373505,1.0
687000,1.5006849,2.0,26.756756756756758,-0.2316132,-0.06939089,-0.261897339208706,-0.261897339208706,0.00394969033486386,1.0
688000,1.5006849,2.0,28.454545454545453,-0.21355963,-0.069102466,-0.15082428672096945,-0.15082428672096945,0.004559816171725591,1.0
689000,1.500685,2.0,29.09090909090909,-0.21339329,-0.06909678,-0.08944489739157936,-0.08944489739157936,0.004554207263881284,1.0
690000,1.500685,2.0,31.9375,-0.19780459,-0.06764369,0.026696724276388844,0.026696724276388844,0.005184929821670296,1.0
691000,1.500685,2.0,28.12121212121212,-0.24362236,-0.06871368,-0.15172476189977982,-0.15172476189977982,0.004557898518054143,1.0
692000,1.5006849,2.0,31.29032258064516,-0.22629711,-0.06906859,-0.092311026588563,-0.092311026588563,0.004908452103395135,1.0
693000,1.5006849,2.0,35.172413793103445,-0.20113073,-0.067529656,0.09393279254436493,0.09393279254436493,0.005474065376412389,1.0
694000,1.5006849,2.0,27.424242424242426,-0.22480872,-0.0704068,-0.19616475876639872,-0.19616475876639872,0.0045033003244658604,1.0
695000,1.500685,2.0,28.216216216216218,-0.21725123,-0.068234056,-0.3370833678377999,-0.3370833678377999,0.004078089515031833,1.0
696000,1.5006849,2.0,34.23076923076923,-0.21018709,-0.067964725,-0.038020815010424015,-0.038020815010424015,0.005494856896499793,1.0
697000,1.5006849,2.0,31.419354838709676,-0.19315466,-0.06655568,-0.0791368426815156,-0.0791368426815156,0.0052956450024559615,1.0
698000,1.5010047,2.0,28.235294117647058,-0.23239642,-0.07136016,-0.23162518739700316,-0.23162518739700316,0.0043785269538472804,1.0
699000,1.5020181,2.0,28.757575757575758,-0.2179697,-0.07127389,-0.289762399652425,-0.289762399652425,0.004479373510762611,1.0
700000,1.5020181,2.0,30.25,-0.17924422,-0.071941026,-0.05994006246328354,-0.05994006246328354,0.004621017615136225,1.0
701000,1.5020181,2.0,26.916666666666668,-0.22710773,-0.07327393,-0.3276356061299642,-0.3276356061299642,0.003988500965836768,1.0
702000,1.5020181,2.0,32.7,-0.18567328,-0.06939577,-0.07965606649716696,-0.07965606649716696,0.004722981412972634,1.0
703000,1.5020181,2.0,28.228571428571428,-0.21409106,-0.071027815,-0.09101417134789859,-0.09101417134789859,0.0042410965782918916,1.0
704000,1.5020181,2.0,28.75,-0.20701322,-0.07154726,-0.08602187489018295,-0.08602187489018295,0.004432141724409479,1.0
705000,1.5020181,2.0,28.82857142857143,-0.2265575,-0.07282272,-0.18630291053227016,-0.18630291053227016,0.0043743501117985166,1.0
706000,1.5020181,2.0,26.6,-0.21042015,-0.073002025,-0.24897832529885427,-0.24897832529885427,0.004226941392490907,1.0
707000,1.5020181,2.0,34.892857142857146,-0.19086373,-0.07140312,0.04894422207559858,0.04894422207559858,0.005072757926037801,1.0
708000,1.5020181,2.0,31.25,-0.21615188,-0.07175523,-0.1037737987935543,-0.1037737987935543,0.004812738323380472,1.0
709000,1.5020181,2.0,28.393939393939394,-0.24525273,-0.07366443,-0.3505515492323673,-0.3505515492323673,0.004206066037471773,1.0
710000,1.5020181,2.0,31.7,-0.20524333,-0.06989673,-0.022857387860616047,-0.022857387860616047,0.004616745860160639,1.0
711000,1.5020181,2.0,34.86206896551724,-0.17820847,-0.06943714,-0.04249862475054605,-0.04249862475054605,0.004762912709598562,1.0
712000,1.5020181,2.0,27.114285714285714,-0.25640416,-0.07359377,-0.34759892606072956,-0.34759892606072956,0.00442812524528967,1.0
713000,1.5020181,2.0,29.12121212121212,-0.2098805,-0.07187129,-0.2036897467844414,-0.2036897467844414,0.0043515862710068395,1.0
714000,1.5020181,2.0,30.125,-0.19837162,-0.07054523,-0.16012630052864552,-0.16012630052864552,0.0045129993923183065,1.0
715000,1.5020181,2.0,30.967741935483872,-0.20334995,-0.07141928,-0.045285226837281256,-0.045285226837281256,0.004755225455042937,1.0
716000,1.5020181,2.0,27.31578947368421,-0.24286914,-0.07336358,-0.2696627410682472,-0.2696627410682472,0.004272100219905779,1.0
717000,1.5020181,2.0,39.26086956521739,-0.15387098,-0.069173686,0.3254482423265775,0.3254482423265775,0.0062298451909252135,1.0
718000,1.502118,2.0,30.69047619047619,-0.22404818,-0.07139887,-0.27524404327074686,-0.27524404327074686,0.004636284759423385,1.0
719000,1.5046579,2.0,33.0,-0.20905966,-0.075702816,-0.2607273116256251,-0.2607273116256251,0.004593532631230174,1.0
720000,1.5046579,2.0,31.766666666666666,-0.1761228,-0.074727625,-0.08562006751696269,-0.08562006751696269,0.004618082160595805,1.0
721000,1.5046579,2.0,30.903225806451612,-0.20352858,-0.07623201,-0.14196651404903782,-0.14196651404903782,0.00436743332688967,1.0
722000,1.5046579,2.0,31.419354838709676,-0.18564217,-0.075702526,-0.11410329418797646,-0.11410329418797646,0.004729160941356132,1.0
723000,1.5046579,2.0,32.724137931034484,-0.17451592,-0.07470224,0.05012958419734034,0.05012958419734034,0.0050987820783308865,1.0
724000,1.5046579,2.0,31.71875,-0.1846686,-0.07537465,-0.1888000536710024,-0.1888000536710024,0.0047253644588636234,1.0
725000,1.5046579,2.0,28.352941176470587,-0.19123016,-0.07637059,-0.11883768965216245,-0.11883768965216245,0.00428772421197637,1.0
726000,1.5046579,2.0,30.0,-0.20005496,-0.07526384,-0.17388908901522238,-0.17388908901522238,0.0043542623527408125,1.0
727000,1.5046579,2.0,30.21875,-0.20088719,-0.074910074,-0.008166324347257614,-0.008166324347257614,0.004890632229944458,1.0
728000,1.5046579,2.0,32.096774193548384,-0.17705947,-0.0752542,-0.08697941803163098,-0.08697941803163098,0.004745410672659355,1.0
729000,1.5046579,2.0,29.375,-0.18379124,-0.075946204,-0.16752380784600973,-0.16752380784600973,0.004299848558730446,1.0
730000,1.5046579,2.0,27.742857142857144,-0.20025934,-0.07529273,-0.16002519471304757,-0.16002519471304757,0.004253714950755239,1.0
731000,1.5046579,2.0,30.806451612903224,-0.17600101,-0.07443857,-0.07380780481523083,-0.07380780481523083,0.0042368629046024816,1.0
732000,1.5046579,2.0,32.06666666666667,-0.21259192,-0.07567839,-0.11240521361750941,-0.11240521361750941,0.004626468556272166,1.0
733000,1.5046579,2.0,31.64516129032258,-0.17102775,-0.07534237,0.013006383372891334,0.013006383372891334,0.0051396509347062915,1.0
734000,1.5046579,2.0,29.181818181818183,-0.2167049,-0.07677173,-0.26302913824717206,-0.26302913824717206,0.004599856378538816,1.0
735000,1.5046579,2.0,33.096774193548384,-0.15870956,-0.07502587,0.06712958627733691,0.06712958627733691,0.0049684108475801245,1.0
736000,1.5046579,2.0,31.655172413793103,-0.17126492,-0.07447277,0.07094316520998555,0.07094316520998555,0.004419470476287026,1.0
737000,1.5046579,2.0,35.07142857142857,-0.16251168,-0.0743129,0.031237070049558367,0.031237070049558367,0.00576065071384489,1.0
738000,1.5046579,2.0,35.51851851851852,-0.17476176,-0.07398831,0.017511042179884733,0.017511042179884733,0.004992780077305657,1.0
739000,1.5049268,2.0,29.575757575757574,-0.17030832,-0.07817321,-0.10455156817580714,-0.10455156817580714,0.004562339985348059,1.0
740000,1.5054525,2.0,27.514285714285716,-0.14802119,-0.07675196,-0.2692235778359806,-0.2692235778359806,0.004157607388847014,1.0
741000,1.5054523,2.0,32.09375,-0.13235235,-0.07474405,-0.0057338085025548935,-0.0057338085025548935,0.004183178065432003,1.0
742000,1.5054524,2.0,35.15384615384615,-0.10341929,-0.073643774,0.11578511308740687,0.11578511308740687,0.005315387410249699,1.0
743000,1.5054524,2.0,32.03333333333333,-0.15628012,-0.076357596,-0.13465872406959534,-0.13465872406959534,0.00483442241869246,1.0
744000,1.5054524,2.0,26.694444444444443,-0.1766451,-0.077930175,-0.32328782147831386,-0.32328782147831386,0.003922274451017276,1.0
